Downloaded on,4/19/19,12:32:59 EDT,,,
Search URL,https://www.congress.gov/search?searchResultViewType=expanded&q=%7B%22source%22%3A%22members%22%2C%22chamber%22%3A%22House%22%2C%22congress%22%3A%22101%22%7D,,,,
Name,URL,State,District,Party,Terms
"Representative Ackerman, Gary L.",https://www.congress.gov/member/gary-ackerman/A000022,New York,5,Democratic,House: 1983-2013
"Senator Akaka, Daniel K.",https://www.congress.gov/member/daniel-akaka/A000069,Hawaii,,Democratic,Senate: 1990-2013 | House: 1977-1991
"Representative Alexander, Bill",https://www.congress.gov/member/william-alexander/A000103,Arkansas,1,Democratic,House: 1969-1993
"Representative Anderson, Glenn M.",https://www.congress.gov/member/glenn-anderson/A000189,California,32,Democratic,House: 1969-1993
"Representative Andrews, Michael",https://www.congress.gov/member/michael-andrews/A000209,Texas,25,Democratic,House: 1983-1995
"Representative Andrews, Robert E.",https://www.congress.gov/member/robert-andrews/A000210,New Jersey,1,Democratic,House: 1989-2014
"Representative Annunzio, Frank",https://www.congress.gov/member/frank-annunzio/A000212,Illinois,11,Democratic,House: 1965-1993
"Representative Anthony, Beryl, Jr.",https://www.congress.gov/member/beryl-anthony/A000213,Arkansas,4,Democratic,House: 1979-1993
"Representative Applegate, Douglas",https://www.congress.gov/member/douglas-applegate/A000214,Ohio,18,Democratic,House: 1977-1995
"Representative Archer, Bill",https://www.congress.gov/member/bill-archer/A000215,Texas,7,Republican,House: 1971-2001
"Representative Armey, Richard K.",https://www.congress.gov/member/dick-armey/A000217,Texas,26,Republican,House: 1985-2003
"Representative Aspin, Les",https://www.congress.gov/member/les-aspin/A000224,Wisconsin,1,Democratic,House: 1971-1995
"Representative Atkins, Chester G.",https://www.congress.gov/member/chester-atkins/A000226,Massachusetts,5,Democratic,House: 1985-1993
"Representative AuCoin, Les",https://www.congress.gov/member/les-aucoin/A000337,Oregon,1,Democratic,House: 1975-1993
"Representative Baker, Richard H.",https://www.congress.gov/member/richard-baker/B000072,Louisiana,6,Republican,House: 1987-2008
"Representative Ballenger, Cass",https://www.congress.gov/member/cass-ballenger/B000104,North Carolina,10,Republican,House: 1985-2005
"Representative Barnard, Doug, Jr.",https://www.congress.gov/member/doug-barnard/B000153,Georgia,10,Democratic,House: 1977-1993
"Representative Bartlett, Steve",https://www.congress.gov/member/steve-bartlett/B000204,Texas,3,Republican,House: 1983-1993
"Representative Barton, Joe",https://www.congress.gov/member/joe-barton/B000213,Texas,6,Republican,House: 1985-2019
"Representative Bateman, Herbert H.",https://www.congress.gov/member/herbert-bateman/B000229,Virginia,1,Republican,House: 1983-2001
"Representative Bates, Jim",https://www.congress.gov/member/jim-bates/B000236,California,44,Democratic,House: 1983-1991
"Representative Beilenson, Anthony C.",https://www.congress.gov/member/anthony-beilenson/B000318,California,24,Democratic,House: 1977-1997
"Representative Bennett, Charles E.",https://www.congress.gov/member/charles-bennett/B000371,Florida,3,Democratic,House: 1949-1993
"Representative Bentley, Helen Delich",https://www.congress.gov/member/helen-bentley/B000392,Maryland,2,Republican,House: 1985-1995
"Representative Bereuter, Doug",https://www.congress.gov/member/douglas-bereuter/B000403,Nebraska,1,Republican,House: 1979-2004
"Representative Berman, Howard L.",https://www.congress.gov/member/howard-berman/B000410,California,28,Democratic,House: 1983-2013
"Representative Bevill, Tom",https://www.congress.gov/member/tom-bevill/B000431,Alabama,4,Democratic,House: 1967-1997
"Representative Bilbray, James H.",https://www.congress.gov/member/james-bilbray/B000462,Nevada,1,Democratic,House: 1987-1995
"Representative Bilirakis, Michael",https://www.congress.gov/member/michael-bilirakis/B000463,Florida,9,Republican,House: 1983-2007
"Representative Blaz, Ben G.",https://www.congress.gov/member/ben-blaz/B000551,Guam,,Republican,House: 1985-1993
"Representative Bliley, Tom",https://www.congress.gov/member/thomas-bliley/B000556,Virginia,7,Republican,House: 1981-2001
"Representative Boehlert, Sherwood",https://www.congress.gov/member/sherwood-boehlert/B000586,New York,24,Republican,House: 1983-2007
"Representative Boggs, Corinne C. (Lindy)",https://www.congress.gov/member/corinne-boggs/B000592,Louisiana,2,Democratic,House: 1973-1991
"Representative Bonior, David E.",https://www.congress.gov/member/david-bonior/B000619,Michigan,10,Democratic,House: 1977-2003
"Representative Borski, Robert A.",https://www.congress.gov/member/robert-borski/B000644,Pennsylvania,3,Democratic,House: 1983-2003
"Representative Bosco, Douglas H.",https://www.congress.gov/member/douglas-bosco/B000648,California,1,Democratic,House: 1983-1991
"Representative Boucher, Rick",https://www.congress.gov/member/rick-boucher/B000657,Virginia,9,Democratic,House: 1983-2011
"Senator Boxer, Barbara",https://www.congress.gov/member/barbara-boxer/B000711,California,,Democratic,Senate: 1993-2017 | House: 1983-1993
"Representative Brennan, Joseph E.",https://www.congress.gov/member/joseph-brennan/B000798,Maine,1,Democratic,House: 1987-1991
"Representative Brooks, Jack B.",https://www.congress.gov/member/jack-brooks/B000880,Texas,9,Democratic,House: 1953-1995
"Representative Broomfield, William S.",https://www.congress.gov/member/william-broomfield/B000890,Michigan,18,Republican,House: 1957-1993
"Representative Browder, Glen",https://www.congress.gov/member/glen-browder/B000897,Alabama,3,Democratic,House: 1989-1997
"Representative Brown, George E., Jr.",https://www.congress.gov/member/george-brown/B000918,California,42,Democratic,"House: 1963-1971, 1973-2001"
"Senator Brown, Hank",https://www.congress.gov/member/george-brown/B000919,Colorado,,Republican,Senate: 1991-1997 | House: 1981-1991
"Representative Bruce, Terry L.",https://www.congress.gov/member/terry-bruce/B000971,Illinois,19,Democratic,House: 1985-1993
"Representative Bryant, John W.",https://www.congress.gov/member/john-bryant/B000997,Texas,5,Democratic,House: 1983-1997
"Representative Buechner, Jack",https://www.congress.gov/member/jack-buechner/B001036,Missouri,2,Republican,House: 1987-1991
"Senator Bunning, Jim",https://www.congress.gov/member/jim-bunning/B001066,Kentucky,,Republican,Senate: 1999-2011 | House: 1987-1999
"Representative Burton, Dan",https://www.congress.gov/member/dan-burton/B001149,Indiana,5,Republican,House: 1983-2013
"Representative Bustamante, Albert G.",https://www.congress.gov/member/albert-bustamante/B001172,Texas,23,Democratic,House: 1985-1993
"Representative Byron, Beverly B.",https://www.congress.gov/member/beverly-byron/B001220,Maryland,6,Democratic,House: 1979-1993
"Representative Callahan, Sonny",https://www.congress.gov/member/h-callahan/C000052,Alabama,1,Republican,House: 1985-2003
"Senator Campbell, Ben Nighthorse",https://www.congress.gov/member/ben-campbell/C000077,Colorado,,Republican,Senate: 1993-2005 | House: 1987-1993
"Representative Campbell, Tom",https://www.congress.gov/member/tom-campbell/C000100,California,15,Republican,"House: 1989-1993, 1995-2001"
"Senator Cardin, Benjamin L.",https://www.congress.gov/member/benjamin-cardin/C000141,Maryland,,Democratic,Senate: 2007-Present | House: 1987-2007
"Senator Carper, Thomas R.",https://www.congress.gov/member/thomas-carper/C000174,Delaware,,Democratic,Senate: 2001-Present | House: 1983-1993
"Representative Carr, Bob",https://www.congress.gov/member/bob-carr/C000178,Michigan,8,Democratic,"House: 1975-1981, 1983-1995"
"Representative Chandler, Rod D.",https://www.congress.gov/member/rod-chandler/C000293,Washington,8,Republican,House: 1983-1993
"Representative Chapman, Jim",https://www.congress.gov/member/jim-chapman/C000312,Texas,1,Democratic,House: 1985-1997
"Representative Cheney, Dick",https://www.congress.gov/member/richard-cheney/C000344,Wyoming,,Republican,House: 1979-1991
"Representative Clarke, James McC.",https://www.congress.gov/member/james-clarke/C000462,North Carolina,11,Democratic,"House: 1983-1985, 1987-1991"
"Representative Clay, William (Bill)",https://www.congress.gov/member/william-clay/C000488,Missouri,1,Democratic,House: 1969-2001
"Representative Clement, Bob",https://www.congress.gov/member/bob-clement/C000503,Tennessee,5,Democratic,House: 1987-2003
"Representative Clinger, William F., Jr.",https://www.congress.gov/member/william-clinger/C000523,Pennsylvania,5,Republican,House: 1979-1997
"Senator Coats, Daniel",https://www.congress.gov/member/daniel-coats/C000542,Indiana,,Republican,"Senate: 1989-1999, 2011-2017 | House: 1981-1989"
"Representative Coble, Howard",https://www.congress.gov/member/howard-coble/C000556,North Carolina,6,Republican,House: 1985-2015
"Representative Coelho, Anthony Lee",https://www.congress.gov/member/anthony-coelho/C000581,California,15,Democratic,House: 1979-1991
"Representative Coleman, E. Thomas",https://www.congress.gov/member/e-coleman/C000618,Missouri,6,Republican,House: 1977-1993
"Representative Coleman, Ronald D.",https://www.congress.gov/member/ronald-coleman/C000621,Texas,16,Democratic,House: 1983-1997
"Representative Collins, Cardiss",https://www.congress.gov/member/cardiss-collins/C000634,Illinois,7,Democratic,House: 1973-1997
"Representative Combest, Larry",https://www.congress.gov/member/larry-combest/C000653,Texas,19,Republican,House: 1985-2003
"Representative Condit, Gary A.",https://www.congress.gov/member/gary-condit/C000670,California,18,Democratic,House: 1989-2003
"Representative Conte, Silvio O.",https://www.congress.gov/member/silvio-conte/C000709,Massachusetts,1,Republican,House: 1959-1993
"Representative Conyers, John, Jr.",https://www.congress.gov/member/john-conyers/C000714,Michigan,13,Democratic,House: 1965-2017
"Representative Cooper, Jim",https://www.congress.gov/member/james-cooper/C000754,Tennessee,5,Democratic,"House: 1983-1995, 2003-Present"
"Representative Costello, Jerry F.",https://www.congress.gov/member/jerry-costello/C000794,Illinois,12,Democratic,House: 1987-2013
"Representative Coughlin, Lawrence",https://www.congress.gov/member/r-coughlin/C000807,Pennsylvania,13,Republican,House: 1969-1993
"Representative Courter, Jim",https://www.congress.gov/member/james-courter/C000809,New Jersey,12,Republican,House: 1979-1991
"Representative Cox, Christopher",https://www.congress.gov/member/christopher-cox/C000830,California,48,Republican,House: 1989-2007
"Representative Coyne, William J.",https://www.congress.gov/member/william-coyne/C000846,Pennsylvania,14,Democratic,House: 1981-2003
"Senator Craig, Larry E.",https://www.congress.gov/member/larry-craig/C000858,Idaho,,Republican,Senate: 1991-2009 | House: 1981-1991
"Representative Crane, Philip M.",https://www.congress.gov/member/philip-crane/C000873,Illinois,8,Republican,House: 1969-2005
"Representative Crockett, George W., Jr.",https://www.congress.gov/member/george-crockett/C000919,Michigan,13,Democratic,House: 1979-1991
"Representative Dannemeyer, William E.",https://www.congress.gov/member/william-dannemeyer/D000044,California,39,Republican,House: 1979-1993
"Representative Darden, George (Buddy)",https://www.congress.gov/member/george-darden/D000051,Georgia,7,Democratic,House: 1983-1995
"Representative Davis, Robert W.",https://www.congress.gov/member/robert-davis/D000131,Michigan,11,Republican,House: 1979-1993
"Representative de la Garza, E.",https://www.congress.gov/member/e-de-la-garza/D000203,Texas,15,Democratic,House: 1965-1997
"Representative de Lugo, Ron",https://www.congress.gov/member/ron-de-lugo/D000209,Virgin Islands,,Democratic,"House: 1973-1979, 1981-1995"
"Representative DeFazio, Peter A.",https://www.congress.gov/member/peter-defazio/D000191,Oregon,4,Democratic,House: 1987-Present
"Representative DeLay, Tom",https://www.congress.gov/member/tom-delay/D000217,Texas,22,Republican,House: 1985-2007
"Representative Dellums, Ronald V.",https://www.congress.gov/member/ronald-dellums/D000222,California,9,Democratic,House: 1971-1999
"Representative Derrick, Butler C.",https://www.congress.gov/member/butler-derrick/D000267,South Carolina,3,Democratic,House: 1975-1995
"Senator DeWine, Mike",https://www.congress.gov/member/michael-dewine/D000294,Ohio,,Republican,Senate: 1995-2007 | House: 1983-1991
"Representative Dickinson, William L.",https://www.congress.gov/member/william-dickinson/D000326,Alabama,2,Republican,House: 1965-1993
"Representative Dicks, Norman D.",https://www.congress.gov/member/norman-dicks/D000327,Washington,6,Democratic,House: 1977-2013
"Representative Dingell, John D.",https://www.congress.gov/member/john-dingell/D000355,Michigan,12,Democratic,House: 1955-2015
"Representative Dixon, Julian C.",https://www.congress.gov/member/julian-dixon/D000373,California,32,Democratic,House: 1979-2003
"Representative Donnelly, Brian J.",https://www.congress.gov/member/brian-donnelly/D000416,Massachusetts,11,Democratic,House: 1979-1993
"Senator Dorgan, Byron L.",https://www.congress.gov/member/byron-dorgan/D000432,North Dakota,,Democratic,Senate: 1991-2011 | House: 1981-1993
"Representative Dornan, Robert K.",https://www.congress.gov/member/robert-dornan/D000435,California,46,Republican,"House: 1977-1983, 1985-1997"
"Representative Douglas, Chuck",https://www.congress.gov/member/chuck-douglas/D000451,New Hampshire,2,Republican,House: 1989-1991
"Representative Downey, Thomas J.",https://www.congress.gov/member/thomas-downey/D000471,New York,2,Democratic,House: 1975-1993
"Representative Dreier, David",https://www.congress.gov/member/david-dreier/D000492,California,26,Republican,House: 1981-2013
"Representative Duncan, John J., Jr.",https://www.congress.gov/member/john-duncan/D000533,Tennessee,2,Republican,House: 1987-2019
"Senator Durbin, Richard J.",https://www.congress.gov/member/richard-durbin/D000563,Illinois,,Democratic,Senate: 1997-Present | House: 1983-1997
"Representative Dwyer, Bernard J.",https://www.congress.gov/member/bernard-dwyer/D000586,New Jersey,6,Democratic,House: 1981-1993
"Representative Dymally, Mervyn M.",https://www.congress.gov/member/mervyn-dymally/D000592,California,31,Democratic,House: 1981-1993
"Representative Dyson, Roy",https://www.congress.gov/member/royden-dyson/D000593,Maryland,1,Democratic,House: 1981-1991
"Representative Early, Joseph D.",https://www.congress.gov/member/joseph-early/E000013,Massachusetts,3,Democratic,House: 1975-1993
"Representative Eckart, Dennis E.",https://www.congress.gov/member/dennis-eckart/E000031,Ohio,11,Democratic,House: 1981-1993
"Representative Edwards, Don",https://www.congress.gov/member/don-edwards/E000064,California,16,Democratic,House: 1963-1995
"Representative Edwards, Mickey",https://www.congress.gov/member/mickey-edwards/E000077,Oklahoma,5,Republican,House: 1977-1993
"Representative Emerson, Bill",https://www.congress.gov/member/bill-emerson/E000174,Missouri,8,Republican,House: 1981-1997
"Representative Engel, Eliot L.",https://www.congress.gov/member/eliot-engel/E000179,New York,16,Democratic,House: 1989-Present
"Representative English, Glenn",https://www.congress.gov/member/glenn-english/E000184,Oklahoma,6,Democratic,House: 1975-1995
"Representative Erdreich, Ben",https://www.congress.gov/member/ben-erdreich/E000201,Alabama,6,Democratic,House: 1983-1993
"Representative Espy, Mike",https://www.congress.gov/member/mike-espy/E000218,Mississippi,2,Democratic,House: 1987-1995
"Representative Evans, Lane",https://www.congress.gov/member/lane-evans/E000250,Illinois,17,Democratic,House: 1983-2007
"Representative Faleomavaega, Eni F. H.",https://www.congress.gov/member/eni-faleomavaega/F000010,American Samoa,,Democratic,House: 1989-2015
"Representative Fascell, Dante B.",https://www.congress.gov/member/dante-fascell/F000041,Florida,19,Democratic,House: 1955-1993
"Representative Fauntroy, Walter E.",https://www.congress.gov/member/walter-fauntroy/F000046,District of Columbia,,Democratic,House: 1971-1991
"Representative Fawell, Harris W.",https://www.congress.gov/member/harris-fawell/F000049,Illinois,13,Republican,House: 1985-1999
"Representative Fazio, Vic",https://www.congress.gov/member/vic-fazio/F000053,California,3,Democratic,House: 1979-1999
"Representative Feighan, Edward F.",https://www.congress.gov/member/edward-feighan/F000059,Ohio,19,Democratic,House: 1983-1993
"Representative Fields, Jack",https://www.congress.gov/member/jack-fields/F000111,Texas,8,Republican,House: 1981-1997
"Representative Fish, Hamilton, Jr.",https://www.congress.gov/member/hamilton-fish/F000141,New York,19,Republican,House: 1969-1995
"Representative Flake, Floyd H.",https://www.congress.gov/member/floyd-flake/F000184,New York,6,Democratic,House: 1987-1999
"Representative Flippo, Ronnie G.",https://www.congress.gov/member/ronnie-flippo/F000208,Alabama,5,Democratic,House: 1977-1991
"Representative Florio, James J.",https://www.congress.gov/member/james-florio/F000215,New Jersey,1,Democratic,House: 1975-1991
"Representative Foglietta, Thomas M.",https://www.congress.gov/member/thomas-foglietta/F000235,Pennsylvania,1,Democratic,House: 1981-1999
"Representative Foley, Thomas S.",https://www.congress.gov/member/thomas-foley/F000239,Washington,5,Democratic,House: 1965-1995
"Representative Ford, Harold E.",https://www.congress.gov/member/harold-ford/F000261,Tennessee,9,Democratic,House: 1975-1997
"Representative Ford, William D.",https://www.congress.gov/member/william-ford/F000270,Michigan,13,Democratic,House: 1965-1995
"Representative Frank, Barney",https://www.congress.gov/member/barney-frank/F000339,Massachusetts,4,Democratic,House: 1981-2013
"Representative Frenzel, Bill",https://www.congress.gov/member/william-frenzel/F000380,Minnesota,3,Republican,House: 1971-1991
"Representative Frost, Martin",https://www.congress.gov/member/martin-frost/F000392,Texas,24,Democratic,House: 1979-2005
"Representative Fuster, Jamie B.",https://www.congress.gov/member/jamie-fuster/F000435,Puerto Rico,,Democratic,House: 1985-1993
"Representative Gallegly, Elton",https://www.congress.gov/member/elton-gallegly/G000021,California,24,Republican,House: 1987-2013
"Representative Gallo, Dean A.",https://www.congress.gov/member/dean-gallo/G000025,New Jersey,11,Republican,House: 1985-1995
"Representative Garcia, Robert",https://www.congress.gov/member/robert-garcia/G000047,New York,18,Democratic,House: 1977-1991
"Representative Gaydos, Joseph M.",https://www.congress.gov/member/joseph-gaydos/G000105,Pennsylvania,20,Democratic,House: 1967-1993
"Representative Gejdenson, Sam",https://www.congress.gov/member/samuel-gejdenson/G000120,Connecticut,2,Democratic,House: 1981-2001
"Representative Gekas, George W.",https://www.congress.gov/member/george-gekas/G000121,Pennsylvania,17,Republican,House: 1983-2003
"Representative Gephardt, Richard A.",https://www.congress.gov/member/richard-gephardt/G000132,Missouri,3,Democratic,House: 1977-2005
"Representative Geren, Pete",https://www.congress.gov/member/pete-geren/G000134,Texas,12,Democratic,House: 1989-1997
"Representative Gibbons, Sam",https://www.congress.gov/member/sam-gibbons/G000153,Florida,11,Democratic,House: 1963-1997
"Representative Gillmor, Paul E.",https://www.congress.gov/member/paul-gillmor/G000210,Ohio,5,Republican,House: 1989-2007
"Representative Gilman, Benjamin A.",https://www.congress.gov/member/benjamin-gilman/G000212,New York,20,Republican,House: 1973-2003
"Representative Gingrich, Newt",https://www.congress.gov/member/newt-gingrich/G000225,Georgia,6,Republican,House: 1979-1999
"Representative Glickman, Dan",https://www.congress.gov/member/dan-glickman/G000240,Kansas,4,Democratic,House: 1977-1995
"Representative Gonzalez, Henry B.",https://www.congress.gov/member/henry-gonzalez/G000272,Texas,20,Democratic,House: 1961-1999
"Representative Goodling, William F.",https://www.congress.gov/member/bill-goodling/G000291,Pennsylvania,19,Republican,House: 1973-2001
"Representative Gordon, Bart",https://www.congress.gov/member/bart-gordon/G000309,Tennessee,6,Democratic,House: 1985-2011
"Representative Goss, Porter J.",https://www.congress.gov/member/porter-goss/G000336,Florida,14,Republican,House: 1989-2004
"Representative Gradison, Willis D., Jr.",https://www.congress.gov/member/willis-gradison/G000349,Ohio,2,Republican,House: 1975-1995
"Representative Grandy, Fred",https://www.congress.gov/member/fred-grandy/G000371,Iowa,5,Republican,House: 1987-1995
"Representative Grant, Bill",https://www.congress.gov/member/bill-grant/G000382,Florida,2,Republican,House: 1987-1991
"Representative Gray, William H., III",https://www.congress.gov/member/william-gray/G000402,Pennsylvania,2,Democratic,House: 1979-1993
"Representative Green, S. William",https://www.congress.gov/member/s-green/G000417,New York,15,Republican,House: 1977-1993
"Representative Guarini, Frank J.",https://www.congress.gov/member/frank-guarini/G000511,New Jersey,14,Democratic,House: 1979-1993
"Representative Gunderson, Steve",https://www.congress.gov/member/steve-gunderson/G000524,Wisconsin,3,Republican,House: 1981-1997
"Representative Hall, Ralph M.",https://www.congress.gov/member/ralph-hall/H000067,Texas,4,Republican,House: 1981-2015
"Representative Hall, Tony P.",https://www.congress.gov/member/tony-hall/H000074,Ohio,3,Democratic,House: 1979-2002
"Representative Hamilton, Lee H.",https://www.congress.gov/member/lee-hamilton/H000114,Indiana,9,Democratic,House: 1965-1999
"Representative Hammerschmidt, John P.",https://www.congress.gov/member/john-hammerschmidt/H000124,Arkansas,3,Republican,House: 1967-1993
"Representative Hancock, Mel",https://www.congress.gov/member/melton-hancock/H000151,Missouri,7,Republican,House: 1989-1997
"Representative Hansen, James V.",https://www.congress.gov/member/james-hansen/H000172,Utah,1,Republican,House: 1981-2003
"Representative Harris, Claude",https://www.congress.gov/member/claude-harris/H000236,Alabama,7,Democratic,House: 1987-1993
"Representative Hastert, J. Dennis",https://www.congress.gov/member/j-hastert/H000323,Illinois,14,Republican,House: 1987-2007
"Representative Hatcher, Charles",https://www.congress.gov/member/charles-hatcher/H000340,Georgia,2,Democratic,House: 1981-1993
"Representative Hawkins, Augustus F.",https://www.congress.gov/member/augustus-hawkins/H000367,California,29,Democratic,House: 1963-1991
"Representative Hayes, Charles A.",https://www.congress.gov/member/charles-hayes/H000388,Illinois,1,Democratic,House: 1983-1993
"Representative Hayes, James A.",https://www.congress.gov/member/jimmy-hayes/H000390,Louisiana,7,Republican,House: 1987-1997
"Representative Hefley, Joel",https://www.congress.gov/member/joel-hefley/H000444,Colorado,5,Republican,House: 1987-2007
"Representative Hefner, W. G. (Bill)",https://www.congress.gov/member/w-hefner/H000448,North Carolina,8,Democratic,House: 1975-1999
"Representative Henry, Paul B.",https://www.congress.gov/member/paul-henry/H000514,Michigan,3,Republican,House: 1985-1995
"Representative Herger, Wally",https://www.congress.gov/member/wally-herger/H000528,California,2,Republican,House: 1987-2013
"Representative Hertel, Dennis M.",https://www.congress.gov/member/dennis-hertel/H000547,Michigan,14,Democratic,House: 1981-1993
"Representative Hiler, John Patrick",https://www.congress.gov/member/john-hiler/H000586,Indiana,3,Republican,House: 1981-1991
"Representative Hoagland, Peter",https://www.congress.gov/member/peter-hoagland/H000652,Nebraska,2,Democratic,House: 1989-1995
"Representative Hochbrueckner, George J.",https://www.congress.gov/member/george-hochbrueckner/H000670,New York,1,Democratic,House: 1987-1995
"Representative Holloway, Clyde",https://www.congress.gov/member/clyde-holloway/H000729,Louisiana,8,Republican,House: 1987-1993
"Representative Hopkins, Larry J.",https://www.congress.gov/member/larry-hopkins/H000776,Kentucky,6,Republican,House: 1979-1993
"Representative Horton, Frank J.",https://www.congress.gov/member/frank-horton/H000797,New York,29,Republican,House: 1963-1993
"Representative Houghton, Amo",https://www.congress.gov/member/amo-houghton/H000814,New York,29,Republican,House: 1987-2005
"Representative Hoyer, Steny H.",https://www.congress.gov/member/steny-hoyer/H000874,Maryland,5,Democratic,House: 1981-Present
"Representative Hubbard, Carroll, Jr.",https://www.congress.gov/member/carroll-hubbard/H000878,Kentucky,1,Democratic,House: 1975-1993
"Representative Huckaby, Thomas J. (Jerry)",https://www.congress.gov/member/jerry-huckaby/H000901,Louisiana,5,Democratic,House: 1977-1993
"Representative Hughes, William J.",https://www.congress.gov/member/william-hughes/H000930,New Jersey,2,Democratic,House: 1975-1995
"Representative Hunter, Duncan",https://www.congress.gov/member/duncan-hunter/H000981,California,52,Republican,House: 1981-2009
"Representative Hutto, Earl",https://www.congress.gov/member/earl-hutto/H001018,Florida,1,Democratic,House: 1979-1995
"Representative Hyde, Henry J.",https://www.congress.gov/member/henry-hyde/H001022,Illinois,6,Republican,House: 1975-2007
"Senator Inhofe, James M.",https://www.congress.gov/member/jim-inhofe/I000024,Oklahoma,,Republican,Senate: 1994-Present | House: 1987-1995
"Representative Ireland, Andrew P.",https://www.congress.gov/member/andrew-ireland/I000029,Florida,10,Republican,House: 1977-1993
"Representative Jacobs, Andrew, Jr.",https://www.congress.gov/member/andrew-jacobs/J000033,Indiana,10,Democratic,"House: 1965-1973, 1975-1997"
"Representative James, Craig T.",https://www.congress.gov/member/craig-james/J000047,Florida,4,Republican,House: 1989-1993
"Representative Jenkins, Edgar L.",https://www.congress.gov/member/ed-jenkins/J000083,Georgia,9,Democratic,House: 1977-1993
"Representative Johnson, Nancy L.",https://www.congress.gov/member/nancy-johnson/J000163,Connecticut,5,Republican,House: 1983-2007
"Senator Johnson, Tim",https://www.congress.gov/member/tim-johnson/J000177,South Dakota,,Democratic,Senate: 1997-2015 | House: 1987-1997
"Representative Johnston, Harry",https://www.congress.gov/member/harry-johnston/J000187,Florida,19,Democratic,House: 1989-1997
"Representative Jones, Ben",https://www.congress.gov/member/ben-jones/J000211,Georgia,4,Democratic,House: 1989-1993
"Representative Jones, Walter B.",https://www.congress.gov/member/walter-jones/J000256,North Carolina,1,Democratic,House: 1965-1993
"Representative Jontz, Jim",https://www.congress.gov/member/jim-jontz/J000265,Indiana,5,Democratic,House: 1987-1993
"Representative Kanjorski, Paul E.",https://www.congress.gov/member/paul-kanjorski/K000008,Pennsylvania,11,Democratic,House: 1985-2011
"Representative Kaptur, Marcy",https://www.congress.gov/member/marcy-kaptur/K000009,Ohio,9,Democratic,House: 1983-Present
"Representative Kasich, John R.",https://www.congress.gov/member/john-kasich/K000016,Ohio,12,Republican,House: 1983-2001
"Representative Kastenmeier, Robert W.",https://www.congress.gov/member/robert-kastenmeier/K000020,Wisconsin,2,Democratic,House: 1959-1991
"Representative Kennedy, Joseph P., II",https://www.congress.gov/member/joseph-kennedy/K000110,Massachusetts,8,Democratic,House: 1987-1999
"Representative Kennelly, Barbara B.",https://www.congress.gov/member/barbara-kennelly/K000118,Connecticut,1,Democratic,House: 1981-1999
"Representative Kildee, Dale E.",https://www.congress.gov/member/dale-kildee/K000172,Michigan,5,Democratic,House: 1977-2013
"Representative Kleczka, Gerald D.",https://www.congress.gov/member/gerald-kleczka/K000259,Wisconsin,4,Democratic,House: 1983-2005
"Representative Kolbe, Jim",https://www.congress.gov/member/jim-kolbe/K000306,Arizona,8,Republican,House: 1985-2007
"Representative Kolter, Joseph P.",https://www.congress.gov/member/joseph-kolter/K000307,Pennsylvania,4,Democratic,House: 1983-1993
"Representative Kostmayer, Peter H.",https://www.congress.gov/member/peter-kostmayer/K000319,Pennsylvania,8,Democratic,"House: 1977-1981, 1983-1993"
"Senator Kyl, Jon",https://www.congress.gov/member/jon-kyl/K000352,Arizona,,Republican,"Senate: 1995-2013, 2018-2019 | House: 1987-1995"
"Representative LaFalce, John J.",https://www.congress.gov/member/john-lafalce/L000556,New York,29,Democratic,House: 1975-2003
"Representative Lagomarsino, Robert J.",https://www.congress.gov/member/robert-lagomarsino/L000020,California,19,Republican,House: 1973-1993
"Representative Lancaster, H. Martin",https://www.congress.gov/member/martin-lancaster/L000045,North Carolina,3,Democratic,House: 1987-1995
"Representative Lantos, Tom",https://www.congress.gov/member/tom-lantos/L000090,California,12,Democratic,House: 1981-2008
"Representative Laughlin, Greg",https://www.congress.gov/member/greg-laughlin/L000119,Texas,14,Republican,House: 1989-1997
"Representative Leach, James A.",https://www.congress.gov/member/jim-leach/L000169,Iowa,2,Republican,House: 1977-2007
"Representative Leath, Marvin",https://www.congress.gov/member/james-leath/L000180,Texas,11,Democratic,House: 1979-1991
"Representative Lehman, Richard H.",https://www.congress.gov/member/richard-lehman/L000225,California,19,Democratic,House: 1983-1995
"Representative Lehman, William",https://www.congress.gov/member/william-lehman/L000226,Florida,17,Democratic,House: 1973-1993
"Representative Leland, Mickey",https://www.congress.gov/member/george-leland/L000237,Texas,18,Democratic,House: 1979-1991
"Representative Lent, Norman F.",https://www.congress.gov/member/norman-lent/L000243,New York,4,Republican,House: 1971-1993
"Representative Levin, Sander M.",https://www.congress.gov/member/sander-levin/L000263,Michigan,9,Democratic,House: 1983-2019
"Representative Levine, Mel",https://www.congress.gov/member/mel-levine/L000264,California,27,Democratic,House: 1983-1993
"Representative Lewis, Jerry",https://www.congress.gov/member/jerry-lewis/L000274,California,41,Republican,House: 1979-2013
"Representative Lewis, John",https://www.congress.gov/member/john-lewis/L000287,Georgia,5,Democratic,House: 1987-Present
"Representative Lewis, Thomas F.",https://www.congress.gov/member/thomas-lewis/L000295,Florida,16,Republican,House: 1983-1995
"Representative Lightfoot, Jim",https://www.congress.gov/member/jim-lightfoot/L000305,Iowa,3,Republican,House: 1985-1997
"Representative Lipinski, William O.",https://www.congress.gov/member/william-lipinski/L000342,Illinois,3,Democratic,House: 1983-2005
"Representative Livingston, Bob",https://www.congress.gov/member/robert-livingston/L000371,Louisiana,1,Republican,House: 1977-2001
"Representative Lloyd, Marilyn",https://www.congress.gov/member/marilyn-lloyd/L000381,Tennessee,3,Democratic,House: 1975-1995
"Representative Long, Jill L.",https://www.congress.gov/member/jill-long/L000420,Indiana,4,Democratic,House: 1989-1995
"Representative Lowery, Bill",https://www.congress.gov/member/bill-lowery/L000479,California,41,Republican,House: 1981-1993
"Representative Lowey, Nita M.",https://www.congress.gov/member/nita-lowey/L000480,New York,17,Democratic,House: 1989-Present
"Representative Luken, Thomas A.",https://www.congress.gov/member/thomas-luken/L000508,Ohio,1,Democratic,"House: 1973-1975, 1977-1991"
"Representative Lukens, Donald E.",https://www.congress.gov/member/donald-lukens/L000509,Ohio,8,Republican,"House: 1967-1971, 1987-1991"
"Representative Machtley, Ronald K.",https://www.congress.gov/member/ronald-machtley/M000015,Rhode Island,1,Republican,House: 1989-1995
"Representative Madigan, Edward R.",https://www.congress.gov/member/edward-madigan/M000041,Illinois,15,Republican,House: 1973-1993
"Representative Manton, Thomas J.",https://www.congress.gov/member/thomas-manton/M000117,New York,7,Democratic,House: 1985-1999
"Senator Markey, Edward J.",https://www.congress.gov/member/edward-markey/M000133,Massachusetts,,Democratic,Senate: 2013-Present | House: 1977-2013
"Representative Marlenee, Ron",https://www.congress.gov/member/ron-marlenee/M000139,Montana,2,Republican,House: 1977-1993
"Representative Martin, David O'B.",https://www.congress.gov/member/david-martin/M000174,New York,26,Republican,House: 1981-1993
"Representative Martin, Lynn M.",https://www.congress.gov/member/lynn-martin/M000195,Illinois,16,Republican,House: 1981-1991
"Representative Martinez, Matthew G.",https://www.congress.gov/member/matthew-martinez/M000206,California,31,Republican,House: 1981-2001
"Representative Matsui, Robert T.",https://www.congress.gov/member/robert-matsui/M000249,California,5,Democratic,House: 1979-2004
"Representative Mavroules, Nicholas",https://www.congress.gov/member/nicholas-mavroules/M000264,Massachusetts,6,Democratic,House: 1979-1993
"Representative Mazzoli, Romano L.",https://www.congress.gov/member/romano-mazzoli/M000291,Kentucky,3,Democratic,House: 1971-1995
"Representative McCandless, Alfred A. (Al)",https://www.congress.gov/member/alfred-mccandless/M000306,California,44,Republican,House: 1983-1995
"Representative McCloskey, Frank",https://www.congress.gov/member/frank-mccloskey/M000342,Indiana,8,Democratic,House: 1983-1995
"Representative McCollum, Bill",https://www.congress.gov/member/bill-mccollum/M000350,Florida,8,Republican,House: 1981-2001
"Representative McCrery, Jim",https://www.congress.gov/member/jim-mccrery/M000388,Louisiana,4,Republican,House: 1987-2011
"Representative McCurdy, Dave",https://www.congress.gov/member/dave-mccurdy/M000398,Oklahoma,4,Democratic,House: 1981-1995
"Representative McDade, Joseph M.",https://www.congress.gov/member/joseph-mcdade/M000399,Pennsylvania,10,Republican,House: 1963-1999
"Representative McDermott, Jim",https://www.congress.gov/member/jim-mcdermott/M000404,Washington,7,Democratic,House: 1989-2017
"Representative McEwen, Bob",https://www.congress.gov/member/bob-mcewen/M000432,Ohio,6,Republican,House: 1981-1993
"Representative McGrath, Raymond J.",https://www.congress.gov/member/raymond-mcgrath/M000458,New York,5,Republican,House: 1981-1993
"Representative McHugh, Matthew F.",https://www.congress.gov/member/matthew-mchugh/M000473,New York,28,Democratic,House: 1975-1993
"Representative McMillan, J. Alex",https://www.congress.gov/member/j-mcmillan/M000566,North Carolina,9,Republican,House: 1985-1995
"Representative McMillen, Thomas",https://www.congress.gov/member/thomas-mcmillen/M000573,Maryland,4,Democratic,House: 1987-1993
"Representative McNulty, Michael R.",https://www.congress.gov/member/michael-mcnulty/M000590,New York,21,Democratic,House: 1989-2009
"Representative Meyers, Jan",https://www.congress.gov/member/jan-meyers/M000684,Kansas,3,Republican,House: 1985-1997
"Representative Mfume, Kweisi",https://www.congress.gov/member/kweisi-mfume/M000687,Maryland,7,Democratic,House: 1987-1997
"Representative Michel, Robert H.",https://www.congress.gov/member/robert-michel/M000692,Illinois,18,Republican,House: 1957-1995
"Representative Miller, Clarence E.",https://www.congress.gov/member/clarence-miller/M000718,Ohio,10,Republican,House: 1967-1993
"Representative Miller, George",https://www.congress.gov/member/george-miller/M000725,California,11,Democratic,House: 1975-2015
"Representative Miller, John R.",https://www.congress.gov/member/john-miller/M000736,Washington,1,Republican,House: 1985-1993
"Representative Mineta, Norman Y.",https://www.congress.gov/member/norman-mineta/M000794,California,15,Democratic,House: 1975-1997
"Representative Mink, Patsy T.",https://www.congress.gov/member/patsy-mink/M000797,Hawaii,2,Democratic,"House: 1965-1977, 1989-2002"
"Representative Moakley, John Joseph",https://www.congress.gov/member/joe-moakley/M000834,Massachusetts,9,Democratic,House: 1973-2001
"Representative Molinari, Guy",https://www.congress.gov/member/guy-molinari/M000842,New York,14,Republican,House: 1981-1991
"Representative Molinari, Susan",https://www.congress.gov/member/susan-molinari/M000843,New York,13,Republican,House: 1989-1999
"Representative Mollohan, Alan B.",https://www.congress.gov/member/alan-mollohan/M000844,West Virginia,1,Democratic,House: 1983-2011
"Representative Montgomery, G. V. (Sonny)",https://www.congress.gov/member/g-montgomery/M000865,Mississippi,3,Democratic,House: 1967-1997
"Representative Moody, Jim",https://www.congress.gov/member/jim-moody/M000881,Wisconsin,5,Democratic,House: 1983-1993
"Representative Moorhead, Carlos J.",https://www.congress.gov/member/carlos-moorhead/M000926,California,27,Republican,House: 1973-1997
"Representative Morella, Constance A.",https://www.congress.gov/member/constance-morella/M000941,Maryland,8,Republican,House: 1987-2003
"Representative Morrison, Bruce A.",https://www.congress.gov/member/bruce-morrison/M000992,Connecticut,3,Democratic,House: 1983-1991
"Representative Morrison, Sid",https://www.congress.gov/member/sid-morrison/M000999,Washington,4,Republican,House: 1981-1993
"Representative Mrazek, Robert J.",https://www.congress.gov/member/robert-mrazek/M001057,New York,3,Democratic,House: 1983-1993
"Representative Murphy, Austin J.",https://www.congress.gov/member/austin-murphy/M001088,Pennsylvania,20,Democratic,House: 1977-1995
"Representative Murtha, John P.",https://www.congress.gov/member/john-murtha/M001120,Pennsylvania,12,Democratic,House: 1973-2010
"Representative Myers, John T.",https://www.congress.gov/member/john-myers/M001130,Indiana,7,Republican,House: 1967-1997
"Representative Nagle, Dave R,",https://www.congress.gov/member/dave-nagle/N000003,Iowa,3,Democratic,House: 1987-1993
"Representative Natcher, William H.",https://www.congress.gov/member/william-natcher/N000009,Kentucky,2,Democratic,House: 1953-1995
"Representative Neal, Richard E.",https://www.congress.gov/member/richard-neal/N000015,Massachusetts,1,Democratic,House: 1989-Present
"Representative Neal, Stephen L.",https://www.congress.gov/member/stephen-neal/N000016,North Carolina,5,Democratic,House: 1975-1995
"Senator Nelson, Bill",https://www.congress.gov/member/clarence-nelson/N000032,Florida,,Democratic,Senate: 2001-2019 | House: 1979-1991
"Representative Nielson, Howard C.",https://www.congress.gov/member/howard-nielson/N000106,Utah,3,Republican,House: 1983-1991
"Representative Nowak, Henry",https://www.congress.gov/member/henry-nowak/N000163,New York,33,Democratic,House: 1975-1993
"Representative Oakar, Mary Rose",https://www.congress.gov/member/mary-oakar/O000001,Ohio,20,Democratic,House: 1977-1993
"Representative Oberstar, James L.",https://www.congress.gov/member/james-oberstar/O000006,Minnesota,8,Democratic,House: 1975-2011
"Representative Obey, David R.",https://www.congress.gov/member/david-obey/O000007,Wisconsin,7,Democratic,House: 1969-2011
"Representative Olin, James R.",https://www.congress.gov/member/james-olin/O000069,Virginia,6,Democratic,House: 1983-1993
"Representative Ortiz, Solomon P.",https://www.congress.gov/member/solomon-ortiz/O000107,Texas,27,Democratic,House: 1983-2011
"Representative Owens, Major R.",https://www.congress.gov/member/major-owens/O000159,New York,11,Democratic,House: 1983-2007
"Representative Owens, Wayne",https://www.congress.gov/member/wayne-owens/O000156,Utah,2,Democratic,"House: 1973-1975, 1987-1993"
"Representative Oxley, Michael G.",https://www.congress.gov/member/michael-oxley/O000163,Ohio,4,Republican,House: 1981-2007
"Representative Packard, Ron",https://www.congress.gov/member/ron-packard/P000005,California,48,Republican,House: 1983-2001
"Representative Pallone, Frank, Jr.",https://www.congress.gov/member/frank-pallone/P000034,New Jersey,6,Democratic,House: 1987-Present
"Representative Panetta, Leon",https://www.congress.gov/member/leon-panetta/P000047,California,17,Democratic,House: 1977-1995
"Representative Parker, Mike",https://www.congress.gov/member/mike-parker/P000066,Mississippi,4,Republican,House: 1989-1999
"Representative Parris, Stanford E. (Stan)",https://www.congress.gov/member/stanford-parris/P000080,Virginia,8,Republican,"House: 1973-1975, 1981-1991"
"Representative Pashayan, Charles, Jr.",https://www.congress.gov/member/charles-pashayan/P000097,California,17,Republican,House: 1979-1991
"Representative Patterson, Elizabeth",https://www.congress.gov/member/elizabeth-patterson/P000112,South Carolina,4,Democratic,House: 1987-1993
"Representative Paxon, Bill",https://www.congress.gov/member/bill-paxon/P000148,New York,27,Republican,House: 1989-1999
"Representative Payne, Donald M.",https://www.congress.gov/member/donald-payne/P000149,New Jersey,10,Democratic,House: 1989-2012
"Representative Payne, Lewis F., Jr.",https://www.congress.gov/member/l-payne/P000152,Virginia,5,Democratic,House: 1987-1997
"Representative Pease, Donald J.",https://www.congress.gov/member/donald-pease/P000170,Ohio,13,Democratic,House: 1977-1993
"Representative Pelosi, Nancy",https://www.congress.gov/member/nancy-pelosi/P000197,California,12,Democratic,House: 1987-Present
"Representative Penny, Timothy J.",https://www.congress.gov/member/timothy-penny/P000215,Minnesota,1,Democratic,House: 1983-1995
"Representative Pepper, Claude",https://www.congress.gov/member/claude-pepper/P000218,Florida,18,Democratic,Senate: 1935-1951 | House: 1963-1991
"Representative Perkins, Carl C.",https://www.congress.gov/member/carl-perkins/P000229,Kentucky,7,Democratic,House: 1984-1993
"Representative Petri, Thomas E.",https://www.congress.gov/member/tom-petri/P000265,Wisconsin,6,Republican,House: 1979-2015
"Representative Pickett, Owen B.",https://www.congress.gov/member/owen-pickett/P000326,Virginia,2,Democratic,House: 1987-2001
"Representative Pickle, J. J.",https://www.congress.gov/member/j-pickle/P000328,Texas,10,Democratic,House: 1963-1995
"Representative Porter, John Edward",https://www.congress.gov/member/john-porter/P000444,Illinois,10,Republican,House: 1979-2001
"Representative Poshard, Glenn",https://www.congress.gov/member/glenn-poshard/P000452,Illinois,19,Democratic,House: 1989-1999
"Representative Price, David E.",https://www.congress.gov/member/david-price/P000523,North Carolina,4,Democratic,"House: 1987-1995, 1997-Present"
"Representative Pursell, Carl D.",https://www.congress.gov/member/carl-pursell/P000574,Michigan,2,Republican,House: 1977-1993
"Representative Quillen, James H. (Jimmy)",https://www.congress.gov/member/james-quillen/Q000013,Tennessee,1,Republican,House: 1963-1997
"Representative Rahall, Nick J., II",https://www.congress.gov/member/nick-rahall/R000011,West Virginia,3,Democratic,House: 1977-2015
"Representative Rangel, Charles B.",https://www.congress.gov/member/charles-rangel/R000053,New York,13,Democratic,House: 1971-2017
"Representative Ravenel, Arthur, Jr.",https://www.congress.gov/member/arthur-ravenel/R000072,South Carolina,1,Republican,House: 1987-1995
"Representative Ray, Richard B.",https://www.congress.gov/member/richard-ray/R000080,Georgia,3,Democratic,House: 1983-1993
"Representative Regula, Ralph",https://www.congress.gov/member/ralph-regula/R000141,Ohio,16,Republican,House: 1973-2009
"Representative Rhodes, John J., III",https://www.congress.gov/member/john-rhodes/R000189,Arizona,1,Republican,House: 1987-1993
"Representative Richardson, Bill",https://www.congress.gov/member/bill-richardson/R000229,New Mexico,3,Democratic,House: 1983-1999
"Representative Ridge, Thomas J.",https://www.congress.gov/member/thomas-ridge/R000243,Pennsylvania,21,Republican,House: 1983-1995
"Representative Rinaldo, Matthew J.",https://www.congress.gov/member/matthew-rinaldo/R000262,New Jersey,7,Republican,House: 1973-1993
"Representative Ritter, Don",https://www.congress.gov/member/donald-ritter/R000277,Pennsylvania,15,Republican,House: 1979-1993
"Senator Roberts, Pat",https://www.congress.gov/member/pat-roberts/R000307,Kansas,,Republican,Senate: 1997-Present | House: 1981-1997
"Representative Robinson, Tommy F.",https://www.congress.gov/member/tommy-robinson/R000354,Arkansas,2,Republican,House: 1985-1991
"Representative Roe, Robert A.",https://www.congress.gov/member/robert-roe/R000383,New Jersey,8,Democratic,House: 1969-1993
"Representative Rogers, Harold",https://www.congress.gov/member/harold-rogers/R000395,Kentucky,5,Republican,House: 1981-Present
"Representative Rohrabacher, Dana",https://www.congress.gov/member/dana-rohrabacher/R000409,California,48,Republican,House: 1989-2019
"Representative Ros-Lehtinen, Ileana",https://www.congress.gov/member/ileana-ros-lehtinen/R000435,Florida,27,Republican,House: 1989-2019
"Representative Rose, Charlie",https://www.congress.gov/member/charles-rose/R000436,North Carolina,7,Democratic,House: 1973-1997
"Representative Rostenkowski, Dan",https://www.congress.gov/member/daniel-rostenkowski/R000458,Illinois,5,Democratic,House: 1959-1995
"Representative Roth, Toby",https://www.congress.gov/member/toby-roth/R000459,Wisconsin,8,Republican,House: 1979-1997
"Representative Roukema, Marge",https://www.congress.gov/member/marge-roukema/R000465,New Jersey,5,Republican,House: 1981-2003
"Representative Rowland, J. Roy",https://www.congress.gov/member/j-rowland/R000481,Georgia,8,Democratic,House: 1983-1995
"Representative Rowland, John G.",https://www.congress.gov/member/john-rowland/R000482,Connecticut,5,Republican,House: 1985-1991
"Representative Roybal, Edward R.",https://www.congress.gov/member/edward-roybal/R000485,California,25,Democratic,House: 1963-1993
"Representative Russo, Martin A.",https://www.congress.gov/member/martin-russo/R000543,Illinois,3,Democratic,House: 1975-1993
"Representative Sabo, Martin Olav",https://www.congress.gov/member/martin-sabo/S000005,Minnesota,5,Democratic,House: 1979-2007
"Representative Saiki, Patricia",https://www.congress.gov/member/patricia-saiki/S000014,Hawaii,1,Republican,House: 1987-1991
"Representative Sangmeister, George E.",https://www.congress.gov/member/george-sangmeister/S000056,Illinois,11,Democratic,House: 1989-1995
"Representative Sarpalius, Bill",https://www.congress.gov/member/bill-sarpalius/S000066,Texas,13,Democratic,House: 1989-1995
"Representative Savage, Gus",https://www.congress.gov/member/gus-savage/S000081,Illinois,2,Democratic,House: 1981-1993
"Representative Sawyer, Tom",https://www.congress.gov/member/tom-sawyer/S000094,Ohio,14,Democratic,House: 1987-2003
"Representative Saxton, Jim",https://www.congress.gov/member/h-saxton/S000097,New Jersey,3,Republican,House: 1985-2009
"Representative Schaefer, Dan",https://www.congress.gov/member/dan-schaefer/S000109,Colorado,6,Republican,House: 1983-1999
"Representative Scheuer, James H.",https://www.congress.gov/member/james-scheuer/S000124,New York,8,Democratic,"House: 1965-1973, 1975-1993"
"Representative Schiff, Steven",https://www.congress.gov/member/steven-schiff/S000125,New Mexico,1,Republican,House: 1989-1999
"Representative Schneider, Claudine",https://www.congress.gov/member/claudine-schneider/S000136,Rhode Island,2,Republican,House: 1981-1991
"Representative Schroeder, Patricia",https://www.congress.gov/member/patricia-schroeder/S000142,Colorado,1,Democratic,House: 1973-1997
"Representative Schuette, Bill",https://www.congress.gov/member/bill-schuette/S000143,Michigan,10,Republican,House: 1985-1991
"Representative Schulze, Richard T.",https://www.congress.gov/member/richard-schulze/S000146,Pennsylvania,5,Republican,House: 1975-1993
"Senator Schumer, Charles E.",https://www.congress.gov/member/charles-schumer/S000148,New York,,Democratic,Senate: 1999-Present | House: 1981-1999
"Representative Sensenbrenner, F. James, Jr.",https://www.congress.gov/member/f-sensenbrenner/S000244,Wisconsin,5,Republican,House: 1979-Present
"Representative Serrano, Jose E.",https://www.congress.gov/member/jose-serrano/S000248,New York,15,Democratic,House: 1989-Present
"Representative Sharp, Philip R.",https://www.congress.gov/member/philip-sharp/S000294,Indiana,2,Democratic,House: 1975-1995
"Representative Shaw, E. Clay, Jr.",https://www.congress.gov/member/e-shaw/S000303,Florida,22,Republican,House: 1981-2007
"Representative Shays, Christopher",https://www.congress.gov/member/christopher-shays/S001144,Connecticut,4,Republican,House: 1987-2009
"Representative Shumway, Norman D.",https://www.congress.gov/member/norman-shumway/S000393,California,14,Republican,House: 1979-1991
"Representative Shuster, Bud",https://www.congress.gov/member/bud-shuster/S000394,Pennsylvania,9,Republican,House: 1973-2001
"Representative Sikorski, Gerry E.",https://www.congress.gov/member/gerry-sikorski/S000407,Minnesota,6,Democratic,House: 1983-1993
"Representative Sisisky, Norman",https://www.congress.gov/member/norman-sisisky/S000453,Virginia,4,Democratic,House: 1983-2001
"Representative Skaggs, David E.",https://www.congress.gov/member/david-skaggs/S000462,Colorado,2,Democratic,House: 1987-1999
"Representative Skeen, Joe",https://www.congress.gov/member/joseph-skeen/S000463,New Mexico,2,Republican,House: 1981-2003
"Representative Skelton, Ike",https://www.congress.gov/member/ike-skelton/S000465,Missouri,4,Democratic,House: 1977-2011
"Representative Slattery, Jim",https://www.congress.gov/member/james-slattery/S000477,Kansas,2,Democratic,House: 1983-1995
"Representative Slaughter, D. French, Jr.",https://www.congress.gov/member/d-slaughter/S000479,Virginia,7,Republican,House: 1985-1993
"Representative Slaughter, Louise McIntosh",https://www.congress.gov/member/louise-slaughter/S000480,New York,25,Democratic,House: 1987-2018
"Senator Smith, Bob",https://www.congress.gov/member/robert-smith/S000606,New Hampshire,,Republican,Senate: 1991-2003 | House: 1985-1991
"Representative Smith, Christopher H.",https://www.congress.gov/member/christopher-smith/S000522,New Jersey,4,Republican,House: 1981-Present
"Representative Smith, Denny",https://www.congress.gov/member/denny-smith/S000527,Oregon,5,Republican,House: 1981-1991
"Representative Smith, Lamar",https://www.congress.gov/member/lamar-smith/S000583,Texas,21,Republican,House: 1987-2019
"Representative Smith, Larkin",https://www.congress.gov/member/larkin-smith/S000584,Mississippi,5,Republican,House: 1989-1991
"Representative Smith, Lawrence",https://www.congress.gov/member/lawrence-smith/S000586,Florida,16,Democratic,House: 1983-1993
"Representative Smith, Neal Edward",https://www.congress.gov/member/neal-smith/S000596,Iowa,4,Democratic,House: 1959-1995
"Representative Smith, Peter",https://www.congress.gov/member/peter-smith/S000601,Vermont,,Republican,House: 1989-1991
"Representative Smith, Robert",https://www.congress.gov/member/robert-smith/S000607,Oregon,2,Republican,"House: 1983-1995, 1997-1999"
"Representative Smith, Virginia",https://www.congress.gov/member/virginia-smith/S000622,Nebraska,3,Republican,House: 1975-1991
"Senator Snowe, Olympia J.",https://www.congress.gov/member/olympia-snowe/S000663,Maine,,Republican,Senate: 1995-2013 | House: 1979-1995
"Representative Solarz, Stephen J.",https://www.congress.gov/member/stephen-solarz/S000673,New York,13,Democratic,House: 1975-1993
"Representative Solomon, Gerald B. H.",https://www.congress.gov/member/gerald-solomon/S000675,New York,22,Republican,House: 1979-1999
"Representative Spence, Floyd",https://www.congress.gov/member/floyd-spence/S000718,South Carolina,2,Republican,House: 1971-2001
"Representative Spratt, John M., Jr.",https://www.congress.gov/member/john-spratt/S000749,South Carolina,5,Democratic,House: 1983-2011
"Representative Staggers, Harley O., Jr.",https://www.congress.gov/member/harley-staggers/S000779,West Virginia,2,Democratic,House: 1983-1993
"Representative Stallings, Richard H.",https://www.congress.gov/member/richard-stallings/S000785,Idaho,2,Democratic,House: 1985-1993
"Representative Stangeland, Arlan",https://www.congress.gov/member/arlan-stangeland/S000795,Minnesota,7,Republican,House: 1977-1991
"Representative Stark, Fortney Pete",https://www.congress.gov/member/pete-stark/S000810,California,13,Democratic,House: 1973-2013
"Representative Stearns, Cliff",https://www.congress.gov/member/cliff-stearns/S000822,Florida,6,Republican,House: 1989-2013
"Representative Stenholm, Charles W.",https://www.congress.gov/member/charles-stenholm/S000851,Texas,17,Democratic,House: 1979-2005
"Representative Stokes, Louis",https://www.congress.gov/member/louis-stokes/S000948,Ohio,11,Democratic,House: 1969-1999
"Representative Studds, Gerry E.",https://www.congress.gov/member/gerry-studds/S001040,Massachusetts,10,Democratic,House: 1973-1997
"Representative Stump, Bob",https://www.congress.gov/member/bob-stump/S001044,Arizona,3,Republican,House: 1977-2003
"Representative Sundquist, Don",https://www.congress.gov/member/donald-sundquist/S001075,Tennessee,7,Republican,House: 1983-1995
"Representative Swift, Al",https://www.congress.gov/member/allen-swift/S001115,Washington,2,Democratic,House: 1979-1995
"Representative Synar, Mike",https://www.congress.gov/member/michael-synar/S001139,Oklahoma,2,Democratic,House: 1979-1995
"Representative Tallon, Robert M. (Robin)",https://www.congress.gov/member/robert-tallon/T000034,South Carolina,6,Democratic,House: 1983-1993
"Representative Tanner, John S.",https://www.congress.gov/member/john-tanner/T000038,Tennessee,8,Democratic,House: 1989-2011
"Representative Tauke, Thomas Joseph",https://www.congress.gov/member/thomas-tauke/T000053,Iowa,2,Republican,House: 1979-1991
"Representative Tauzin, W. J. (Billy)",https://www.congress.gov/member/w-tauzin/T000058,Louisiana,3,Republican,House: 1979-2005
"Representative Taylor, Gene",https://www.congress.gov/member/gene-taylor/T000074,Mississippi,4,Democratic,House: 1989-2011
"Senator Thomas, Craig",https://www.congress.gov/member/craig-thomas/T000162,Wyoming,,Republican,Senate: 1995-2007 | House: 1989-1995
"Representative Thomas, Lindsay",https://www.congress.gov/member/lindsay-thomas/T000184,Georgia,1,Democratic,House: 1983-1993
"Representative Thomas, William M.",https://www.congress.gov/member/william-thomas/T000188,California,22,Republican,House: 1979-2007
"Representative Torres, Estaban Edward",https://www.congress.gov/member/estaban-torres/T000316,California,34,Democratic,House: 1983-1999
"Senator Torricelli, Robert G.",https://www.congress.gov/member/robert-torricelli/T000317,New Jersey,,Democratic,Senate: 1997-2003 | House: 1983-1997
"Representative Towns, Edolphus",https://www.congress.gov/member/edolphus-towns/T000326,New York,10,Democratic,House: 1983-2013
"Representative Traficant, James A., Jr.",https://www.congress.gov/member/james-traficant/T000350,Ohio,17,Democratic,House: 1985-2002
"Representative Traxler, Bob",https://www.congress.gov/member/bob-traxler/T000356,Michigan,8,Democratic,House: 1973-1993
"Representative Udall, Morris K.",https://www.congress.gov/member/morris-udall/U000001,Arizona,2,Democratic,House: 1961-1993
"Representative Unsoeld, Jolene",https://www.congress.gov/member/jolene-unsoeld/U000017,Washington,3,Democratic,House: 1989-1995
"Representative Upton, Fred",https://www.congress.gov/member/fred-upton/U000031,Michigan,6,Republican,House: 1987-Present
"Representative Valentine, Tim",https://www.congress.gov/member/tim-valentine/V000006,North Carolina,2,Democratic,House: 1983-1995
"Representative Vander Jagt, Guy",https://www.congress.gov/member/guy-van-der-jagt/V000027,Michigan,9,Republican,House: 1965-1993
"Representative Vento, Bruce F.",https://www.congress.gov/member/bruce-vento/V000087,Minnesota,4,Democratic,House: 1977-2001
"Representative Visclosky, Peter J.",https://www.congress.gov/member/peter-visclosky/V000108,Indiana,1,Democratic,House: 1985-Present
"Representative Volkmer, Harold L.",https://www.congress.gov/member/harold-volkmer/V000112,Missouri,9,Democratic,House: 1977-1997
"Representative Vucanovich, Barbara F.",https://www.congress.gov/member/barbara-vucanovich/V000124,Nevada,2,Republican,House: 1983-1997
"Representative Walgren, Doug",https://www.congress.gov/member/doug-walgren/W000044,Pennsylvania,18,Democratic,House: 1977-1991
"Representative Walker, Robert S.",https://www.congress.gov/member/robert-walker/W000068,Pennsylvania,16,Republican,House: 1977-1997
"Representative Walsh, James T.",https://www.congress.gov/member/james-walsh/W000099,New York,25,Republican,House: 1989-2009
"Representative Washington, Craig A.",https://www.congress.gov/member/craig-washington/W000177,Texas,18,Democratic,House: 1989-1995
"Representative Watkins, Wes",https://www.congress.gov/member/wes-watkins/W000194,Oklahoma,3,Republican,"House: 1977-1991, 1997-2003"
"Representative Waxman, Henry A.",https://www.congress.gov/member/henry-waxman/W000215,California,33,Democratic,House: 1975-2015
"Representative Weber, Vin",https://www.congress.gov/member/vin-weber/W000237,Minnesota,2,Republican,House: 1981-1993
"Representative Weiss, Ted",https://www.congress.gov/member/theodore-weiss/W000258,New York,17,Democratic,House: 1977-1993
"Representative Weldon, Curt",https://www.congress.gov/member/curt-weldon/W000268,Pennsylvania,7,Republican,House: 1987-2007
"Representative Wheat, Alan",https://www.congress.gov/member/alan-wheat/W000326,Missouri,5,Democratic,House: 1983-1995
"Representative Whittaker, Bob",https://www.congress.gov/member/robert-whittaker/W000426,Kansas,5,Republican,House: 1979-1991
"Representative Whitten, Jamie L.",https://www.congress.gov/member/jamie-whitten/W000428,Mississippi,1,Democratic,"House: 1941-1947, 1973-1995"
"Representative Williams, Pat",https://www.congress.gov/member/pat-williams/W000520,Montana,,Democratic,House: 1979-1997
"Representative Wilson, Charles",https://www.congress.gov/member/charles-wilson/W000570,Texas,2,Democratic,House: 1973-1997
"Representative Wise, Robert E., Jr.",https://www.congress.gov/member/bob-wise/W000654,West Virginia,2,Democratic,House: 1983-2001
"Representative Wolf, Frank R.",https://www.congress.gov/member/frank-wolf/W000672,Virginia,10,Republican,House: 1981-2015
"Representative Wolpe, Howard E.",https://www.congress.gov/member/howard-wolpe/W000682,Michigan,3,Democratic,House: 1979-1993
"Representative Wright, James C., Jr.",https://www.congress.gov/member/james-wright/W000763,Texas,12,Democratic,House: 1955-1991
"Senator Wyden, Ron",https://www.congress.gov/member/ron-wyden/W000779,Oregon,,Democratic,Senate: 1996-Present | House: 1981-1996
"Representative Wylie, Chalmers P.",https://www.congress.gov/member/chalmers-wylie/W000781,Ohio,15,Republican,House: 1967-1993
"Representative Yates, Sidney R.",https://www.congress.gov/member/sidney-yates/Y000013,Illinois,9,Democratic,"House: 1949-1963, 1965-1999"
"Representative Yatron, Gus",https://www.congress.gov/member/gus-yatron/Y000014,Pennsylvania,6,Democratic,House: 1969-1993
"Representative Young, C. W. Bill",https://www.congress.gov/member/c-w-young/Y000031,Florida,13,Republican,House: 1971-2013
"Representative Young, Don",https://www.congress.gov/member/don-young/Y000033,Alaska,,Republican,House: 1973-Present