Downloaded on,4/19/19,12:23:57 EDT,,,Search URL,https://www.congress.gov/search?searchResultViewType=expanded&q=%7B%22source%22%3A%22members%22%2C%22chamber%22%3A%22House%22%2C%22congress%22%3A%5B%22109%22%5D%7D,,,,Name,URL,State,District,Party,Terms"Representative Abercrombie, Neil",https://www.congress.gov/member/neil-abercrombie/A000014,Hawaii,1,Democratic,"House: 1985-1987, 1991-2011""Representative Ackerman, Gary L.",https://www.congress.gov/member/gary-ackerman/A000022,New York,5,Democratic,House: 1983-2013"Representative Aderholt, Robert B.",https://www.congress.gov/member/robert-aderholt/A000055,Alabama,4,Republican,House: 1997-Present"Representative Akin, W. Todd",https://www.congress.gov/member/w-akin/A000358,Missouri,2,Republican,House: 2001-2013"Representative Alexander, Rodney",https://www.congress.gov/member/rodney-alexander/A000361,Louisiana,5,Republican,House: 2003-2013"Representative Allen, Thomas H.",https://www.congress.gov/member/thomas-allen/A000357,Maine,1,Democratic,House: 1997-2009"Representative Andrews, Robert E.",https://www.congress.gov/member/robert-andrews/A000210,New Jersey,1,Democratic,House: 1989-2014"Representative Baca, Joe",https://www.congress.gov/member/joe-baca/B001234,California,43,Democratic,House: 1999-2013"Representative Bachus, Spencer",https://www.congress.gov/member/spencer-bachus/B000013,Alabama,6,Republican,House: 1993-2015"Representative Baird, Brian",https://www.congress.gov/member/brian-baird/B001229,Washington,3,Democratic,House: 1999-2011"Representative Baker, Richard H.",https://www.congress.gov/member/richard-baker/B000072,Louisiana,6,Republican,House: 1987-2008"Senator Baldwin, Tammy",https://www.congress.gov/member/tammy-baldwin/B001230,Wisconsin,,Democratic,Senate: 2013-Present | House: 1999-2013"Representative Barrett, J. Gresham",https://www.congress.gov/member/j-barrett/B001239,South Carolina,3,Republican,House: 2003-2011"Representative Barrow, John",https://www.congress.gov/member/john-barrow/B001252,Georgia,12,Democratic,House: 2005-2015"Representative Bartlett, Roscoe G.",https://www.congress.gov/member/roscoe-bartlett/B000208,Maryland,6,Republican,House: 1993-2013"Representative Barton, Joe",https://www.congress.gov/member/joe-barton/B000213,Texas,6,Republican,House: 1985-2019"Representative Bass, Charles F.",https://www.congress.gov/member/charles-bass/B000220,New Hampshire,2,Republican,"House: 1995-2007, 2011-2013""Representative Bean, Melissa L.",https://www.congress.gov/member/melissa-bean/B001253,Illinois,8,Democratic,House: 2005-2011"Representative Beauprez, Bob",https://www.congress.gov/member/bob-beauprez/B001240,Colorado,7,Republican,House: 2003-2007"Representative Becerra, Xavier",https://www.congress.gov/member/xavier-becerra/B000287,California,34,Democratic,House: 1993-2017"Representative Berkley, Shelley",https://www.congress.gov/member/shelley-berkley/B001231,Nevada,1,Democratic,House: 1999-2013"Representative Berman, Howard L.",https://www.congress.gov/member/howard-berman/B000410,California,28,Democratic,House: 1983-2013"Representative Berry, Marion",https://www.congress.gov/member/marion-berry/B000420,Arkansas,1,Democratic,House: 1997-2011"Representative Biggert, Judy",https://www.congress.gov/member/judy-biggert/B001232,Illinois,13,Republican,House: 1999-2013"Representative Bilbray, Brian P.",https://www.congress.gov/member/brian-bilbray/B000461,California,50,Republican,"House: 1995-2001, 2005-2013""Representative Bilirakis, Michael",https://www.congress.gov/member/michael-bilirakis/B000463,Florida,9,Republican,House: 1983-2007"Representative Bishop, Rob",https://www.congress.gov/member/rob-bishop/B001250,Utah,1,Republican,House: 2003-Present"Representative Bishop, Sanford D., Jr.",https://www.congress.gov/member/sanford-bishop/B000490,Georgia,2,Democratic,House: 1993-Present"Representative Bishop, Timothy H.",https://www.congress.gov/member/timothy-bishop/B001242,New York,1,Democratic,House: 2003-2015"Senator Blackburn, Marsha",https://www.congress.gov/member/marsha-blackburn/B001243,Tennessee,,Republican,Senate: 2019-Present | House: 2003-2019"Representative Blumenauer, Earl",https://www.congress.gov/member/earl-blumenauer/B000574,Oregon,3,Democratic,House: 1995-Present"Senator Blunt, Roy",https://www.congress.gov/member/roy-blunt/B000575,Missouri,,Republican,Senate: 2011-Present | House: 1997-2011"Representative Boehlert, Sherwood",https://www.congress.gov/member/sherwood-boehlert/B000586,New York,24,Republican,House: 1983-2007"Representative Boehner, John A.",https://www.congress.gov/member/john-boehner/B000589,Ohio,8,Republican,House: 1991-2015"Representative Bonilla, Henry",https://www.congress.gov/member/henry-bonilla/B000617,Texas,23,Republican,House: 1993-2007"Representative Bonner, Jo",https://www.congress.gov/member/jo-bonner/B001244,Alabama,1,Republican,House: 2003-2013"Representative Bono Mack, Mary",https://www.congress.gov/member/mary-bono-mack/B001228,California,45,Republican,House: 1997-2013"Senator Boozman, John",https://www.congress.gov/member/john-boozman/B001236,Arkansas,,Republican,Senate: 2011-Present | House: 2001-2011"Representative Bordallo, Madeleine Z.",https://www.congress.gov/member/madeleine-bordallo/B001245,Guam,,Democratic,House: 2003-2019"Representative Boren, Dan",https://www.congress.gov/member/dan-boren/B001254,Oklahoma,2,Democratic,House: 2005-2013"Representative Boswell, Leonard L.",https://www.congress.gov/member/leonard-boswell/B000652,Iowa,3,Democratic,House: 1997-2013"Representative Boucher, Rick",https://www.congress.gov/member/rick-boucher/B000657,Virginia,9,Democratic,House: 1983-2011"Representative Boustany, Charles W., Jr.",https://www.congress.gov/member/charles-boustany/B001255,Louisiana,3,Republican,House: 2005-2017"Representative Boyd, Allen",https://www.congress.gov/member/allen-boyd/B000716,Florida,2,Democratic,House: 1997-2011"Representative Bradley, Jeb",https://www.congress.gov/member/jeb-bradley/B001246,New Hampshire,1,Republican,House: 2003-2007"Representative Brady, Kevin",https://www.congress.gov/member/kevin-brady/B000755,Texas,8,Republican,House: 1997-Present"Representative Brady, Robert A.",https://www.congress.gov/member/robert-brady/B001227,Pennsylvania,1,Democratic,House: 1997-2019"Representative Brown, Corrine",https://www.congress.gov/member/corrine-brown/B000911,Florida,5,Democratic,House: 1993-2017"Representative Brown, Henry E., Jr.",https://www.congress.gov/member/henry-brown/B001235,South Carolina,1,Republican,House: 2001-2011"Senator Brown, Sherrod",https://www.congress.gov/member/sherrod-brown/B000944,Ohio,,Democratic,Senate: 2007-Present | House: 1993-2007"Representative Brown-Waite, Ginny",https://www.congress.gov/member/ginny-brown-waite/B001247,Florida,5,Republican,House: 2003-2011"Representative Burgess, Michael C.",https://www.congress.gov/member/michael-burgess/B001248,Texas,26,Republican,House: 2003-Present"Representative Burton, Dan",https://www.congress.gov/member/dan-burton/B001149,Indiana,5,Republican,House: 1983-2013"Representative Butterfield, G. K.",https://www.congress.gov/member/g-k-butterfield/B001251,North Carolina,1,Democratic,House: 2004-Present"Representative Buyer, Steve",https://www.congress.gov/member/stephen-buyer/B001203,Indiana,4,Republican,House: 1993-2011"Representative Calvert, Ken",https://www.congress.gov/member/ken-calvert/C000059,California,42,Republican,House: 1993-Present"Representative Camp, Dave",https://www.congress.gov/member/dave-camp/C000071,Michigan,4,Republican,House: 1991-2015"Representative Campbell, John",https://www.congress.gov/member/john-campbell/C001064,California,45,Republican,House: 2005-2015"Representative Cannon, Chris",https://www.congress.gov/member/chris-cannon/C000116,Utah,3,Republican,House: 1997-2009"Representative Cantor, Eric",https://www.congress.gov/member/eric-cantor/C001046,Virginia,7,Republican,House: 2001-2014"Senator Capito, Shelley Moore",https://www.congress.gov/member/shelley-capito/C001047,West Virginia,,Republican,Senate: 2015-Present | House: 2001-2015"Representative Capps, Lois",https://www.congress.gov/member/lois-capps/C001036,California,24,Democratic,House: 1997-2017"Representative Capuano, Michael E.",https://www.congress.gov/member/michael-capuano/C001037,Massachusetts,7,Democratic,House: 1999-2019"Senator Cardin, Benjamin L.",https://www.congress.gov/member/benjamin-cardin/C000141,Maryland,,Democratic,Senate: 2007-Present | House: 1987-2007"Representative Cardoza, Dennis A.",https://www.congress.gov/member/dennis-cardoza/C001050,California,18,Democratic,House: 2003-2012"Representative Carnahan, Russ",https://www.congress.gov/member/russ-carnahan/C001060,Missouri,3,Democratic,House: 2005-2013"Representative Carson, Julia",https://www.congress.gov/member/julia-carson/C000191,Indiana,7,Democratic,House: 1997-2007"Representative Carter, John R.",https://www.congress.gov/member/john-carter/C001051,Texas,31,Republican,House: 2003-Present"Representative Case, Ed",https://www.congress.gov/member/ed-case/C001055,Hawaii,1,Democratic,"House: 2002-2007, 2019-Present""Representative Castle, Michael N.",https://www.congress.gov/member/michael-castle/C000243,Delaware,,Republican,House: 1993-2011"Representative Chabot, Steve",https://www.congress.gov/member/steve-chabot/C000266,Ohio,1,Republican,"House: 1995-2009, 2011-Present""Representative Chandler, Ben",https://www.congress.gov/member/ben-chandler/C001058,Kentucky,6,Democratic,House: 2004-2013"Representative Chocola, Chris",https://www.congress.gov/member/chris-chocola/C001052,Indiana,2,Republican,House: 2003-2007"Representative Christensen, Donna M.",https://www.congress.gov/member/donna-christensen/C000380,Virgin Islands,,Democratic,House: 1997-2015"Representative Clay, Wm. Lacy",https://www.congress.gov/member/wm-clay/C001049,Missouri,1,Democratic,House: 2001-Present"Representative Cleaver, Emanuel",https://www.congress.gov/member/emanuel-cleaver/C001061,Missouri,5,Democratic,House: 2005-Present"Representative Clyburn, James E.",https://www.congress.gov/member/james-clyburn/C000537,South Carolina,6,Democratic,House: 1993-Present"Representative Coble, Howard",https://www.congress.gov/member/howard-coble/C000556,North Carolina,6,Republican,House: 1985-2015"Representative Cole, Tom",https://www.congress.gov/member/tom-cole/C001053,Oklahoma,4,Republican,House: 2003-Present"Representative Conaway, K. Michael",https://www.congress.gov/member/k-conaway/C001062,Texas,11,Republican,House: 2005-Present"Representative Conyers, John, Jr.",https://www.congress.gov/member/john-conyers/C000714,Michigan,13,Democratic,House: 1965-2017"Representative Cooper, Jim",https://www.congress.gov/member/james-cooper/C000754,Tennessee,5,Democratic,"House: 1983-1995, 2003-Present""Representative Costa, Jim",https://www.congress.gov/member/jim-costa/C001059,California,16,Democratic,House: 2005-Present"Representative Costello, Jerry F.",https://www.congress.gov/member/jerry-costello/C000794,Illinois,12,Democratic,House: 1987-2013"Representative Cox, Christopher",https://www.congress.gov/member/christopher-cox/C000830,California,48,Republican,House: 1989-2007"Representative Cramer, Robert E. (Bud), Jr.",https://www.congress.gov/member/robert-cramer/C000868,Alabama,5,Democratic,House: 1991-2009"Representative Crenshaw, Ander",https://www.congress.gov/member/ander-crenshaw/C001045,Florida,4,Republican,House: 2001-2017"Representative Crowley, Joseph",https://www.congress.gov/member/joseph-crowley/C001038,New York,14,Democratic,House: 1999-2019"Representative Cubin, Barbara",https://www.congress.gov/member/barbara-cubin/C000962,Wyoming,,Republican,House: 1995-2009"Representative Cuellar, Henry",https://www.congress.gov/member/henry-cuellar/C001063,Texas,28,Democratic,House: 2005-Present"Representative Culberson, John Abney",https://www.congress.gov/member/john-culberson/C001048,Texas,7,Republican,House: 2001-2019"Representative Cummings, Elijah E.",https://www.congress.gov/member/elijah-cummings/C000984,Maryland,7,Democratic,House: 1995-Present"Representative Cunningham, Randy (Duke)",https://www.congress.gov/member/randy-cunningham/C000994,California,50,Republican,House: 1991-2007"Representative Davis, Artur",https://www.congress.gov/member/artur-davis/D000602,Alabama,7,Democratic,House: 2003-2011"Representative Davis, Danny K.",https://www.congress.gov/member/danny-davis/D000096,Illinois,7,Democratic,House: 1997-Present"Representative Davis, Geoff",https://www.congress.gov/member/geoff-davis/D000603,Kentucky,4,Republican,House: 2005-2012"Representative Davis, Jim",https://www.congress.gov/member/jim-davis/D000114,Florida,11,Democratic,House: 1997-2007"Representative Davis, Jo Ann",https://www.congress.gov/member/jo-ann-davis/D000597,Virginia,1,Republican,House: 2001-2007"Representative Davis, Lincoln",https://www.congress.gov/member/lincoln-davis/D000599,Tennessee,4,Democratic,House: 2003-2011"Representative Davis, Susan A.",https://www.congress.gov/member/susan-davis/D000598,California,53,Democratic,House: 2001-Present"Representative Davis, Tom",https://www.congress.gov/member/thomas-davis/D000136,Virginia,11,Republican,House: 1995-2008"Representative Deal, Nathan",https://www.congress.gov/member/nathan-deal/D000168,Georgia,9,Republican,House: 1993-2010"Representative DeFazio, Peter A.",https://www.congress.gov/member/peter-defazio/D000191,Oregon,4,Democratic,House: 1987-Present"Representative DeGette, Diana",https://www.congress.gov/member/diana-degette/D000197,Colorado,1,Democratic,House: 1997-Present"Representative Delahunt, Bill",https://www.congress.gov/member/bill-delahunt/D000210,Massachusetts,10,Democratic,House: 1997-2011"Representative DeLauro, Rosa L.",https://www.congress.gov/member/rosa-delauro/D000216,Connecticut,3,Democratic,House: 1991-Present"Representative DeLay, Tom",https://www.congress.gov/member/tom-delay/D000217,Texas,22,Republican,House: 1985-2007"Representative Dent, Charles W.",https://www.congress.gov/member/charles-dent/D000604,Pennsylvania,15,Republican,House: 2005-2018"Representative Diaz-Balart, Lincoln",https://www.congress.gov/member/lincoln-diaz-balart/D000299,Florida,21,Republican,House: 1993-2011"Representative Diaz-Balart, Mario",https://www.congress.gov/member/mario-diaz-balart/D000600,Florida,25,Republican,House: 2003-Present"Representative Dicks, Norman D.",https://www.congress.gov/member/norman-dicks/D000327,Washington,6,Democratic,House: 1977-2013"Representative Dingell, John D.",https://www.congress.gov/member/john-dingell/D000355,Michigan,12,Democratic,House: 1955-2015"Representative Doggett, Lloyd",https://www.congress.gov/member/lloyd-doggett/D000399,Texas,35,Democratic,House: 1995-Present"Representative Doolittle, John T.",https://www.congress.gov/member/john-doolittle/D000429,California,4,Republican,House: 1991-2009"Representative Doyle, Michael F.",https://www.congress.gov/member/mike-doyle/D000482,Pennsylvania,18,Democratic,House: 1995-Present"Representative Drake, Thelma D.",https://www.congress.gov/member/thelma-drake/D000605,Virginia,2,Republican,House: 2005-2009"Representative Dreier, David",https://www.congress.gov/member/david-dreier/D000492,California,26,Republican,House: 1981-2013"Representative Duncan, John J., Jr.",https://www.congress.gov/member/john-duncan/D000533,Tennessee,2,Republican,House: 1987-2019"Representative Edwards, Chet",https://www.congress.gov/member/chet-edwards/E000063,Texas,17,Democratic,House: 1991-2011"Representative Ehlers, Vernon J.",https://www.congress.gov/member/vernon-ehlers/E000092,Michigan,3,Republican,House: 1993-2011"Representative Emanuel, Rahm",https://www.congress.gov/member/rahm-emanuel/E000287,Illinois,5,Democratic,House: 2003-2009"Representative Emerson, Jo Ann",https://www.congress.gov/member/jo-emerson/E000172,Missouri,8,Republican,House: 1997-2013"Representative Engel, Eliot L.",https://www.congress.gov/member/eliot-engel/E000179,New York,16,Democratic,House: 1989-Present"Representative English, Phil",https://www.congress.gov/member/phil-english/E000187,Pennsylvania,3,Republican,House: 1995-2009"Representative Eshoo, Anna G.",https://www.congress.gov/member/anna-eshoo/E000215,California,18,Democratic,House: 1993-Present"Representative Etheridge, Bob",https://www.congress.gov/member/bob-etheridge/E000226,North Carolina,2,Democratic,House: 1997-2011"Representative Evans, Lane",https://www.congress.gov/member/lane-evans/E000250,Illinois,17,Democratic,House: 1983-2007"Representative Everett, Terry",https://www.congress.gov/member/terry-everett/E000268,Alabama,2,Republican,House: 1993-2009"Representative Faleomavaega, Eni F. H.",https://www.congress.gov/member/eni-faleomavaega/F000010,American Samoa,,Democratic,House: 1989-2015"Representative Farr, Sam",https://www.congress.gov/member/sam-farr/F000030,California,20,Democratic,House: 1993-2017"Representative Fattah, Chaka",https://www.congress.gov/member/chaka-fattah/F000043,Pennsylvania,2,Democratic,House: 1995-2016"Representative Feeney, Tom",https://www.congress.gov/member/tom-feeney/F000447,Florida,24,Republican,House: 2003-2009"Representative Ferguson, Mike",https://www.congress.gov/member/mike-ferguson/F000443,New Jersey,7,Republican,House: 2001-2009"Representative Filner, Bob",https://www.congress.gov/member/bob-filner/F000116,California,51,Democratic,House: 1993-2013"Representative Fitzpatrick, Michael G.",https://www.congress.gov/member/michael-fitzpatrick/F000451,Pennsylvania,8,Republican,"House: 2005-2007, 2011-2017""Senator Flake, Jeff",https://www.congress.gov/member/jeff-flake/F000444,Arizona,,Republican,Senate: 2013-2019 | House: 2001-2013"Representative Foley, Mark",https://www.congress.gov/member/mark-foley/F000238,Florida,16,Republican,House: 1995-2007"Representative Forbes, J. Randy",https://www.congress.gov/member/j-forbes/F000445,Virginia,4,Republican,House: 2001-2017"Representative Ford, Harold E., Jr.",https://www.congress.gov/member/harold-ford/F000262,Tennessee,9,Democratic,House: 1997-2007"Representative Fortenberry, Jeff",https://www.congress.gov/member/jeff-fortenberry/F000449,Nebraska,1,Republican,House: 2005-Present"Representative Fortuno, Luis G.",https://www.congress.gov/member/luis-fortuno/F000452,Puerto Rico,,Republican,House: 2005-2009"Representative Fossella, Vito",https://www.congress.gov/member/vito-fossella/F000440,New York,13,Republican,House: 1997-2009"Representative Foxx, Virginia",https://www.congress.gov/member/virginia-foxx/F000450,North Carolina,5,Republican,House: 2005-Present"Representative Frank, Barney",https://www.congress.gov/member/barney-frank/F000339,Massachusetts,4,Democratic,House: 1981-2013"Representative Franks, Trent",https://www.congress.gov/member/trent-franks/F000448,Arizona,8,Republican,House: 2003-2017"Representative Frelinghuysen, Rodney P.",https://www.congress.gov/member/rodney-frelinghuysen/F000372,New Jersey,11,Republican,House: 1995-2019"Representative Gallegly, Elton",https://www.congress.gov/member/elton-gallegly/G000021,California,24,Republican,House: 1987-2013"Representative Garrett, Scott",https://www.congress.gov/member/scott-garrett/G000548,New Jersey,5,Republican,House: 2003-2017"Representative Gerlach, Jim",https://www.congress.gov/member/jim-gerlach/G000549,Pennsylvania,6,Republican,House: 2003-2015"Representative Gibbons, Jim",https://www.congress.gov/member/jim-gibbons/G000152,Nevada,2,Republican,House: 1997-2007"Representative Gilchrest, Wayne T.",https://www.congress.gov/member/wayne-gilchrest/G000180,Maryland,1,Republican,House: 1991-2009"Representative Gillmor, Paul E.",https://www.congress.gov/member/paul-gillmor/G000210,Ohio,5,Republican,House: 1989-2007"Representative Gingrey, Phil",https://www.congress.gov/member/phil-gingrey/G000550,Georgia,11,Republican,House: 2003-2015"Representative Gohmert, Louie",https://www.congress.gov/member/louie-gohmert/G000552,Texas,1,Republican,House: 2005-Present"Representative Gonzalez, Charles A.",https://www.congress.gov/member/charles-gonzalez/G000544,Texas,20,Democratic,House: 1999-2013"Representative Goode, Virgil H., Jr.",https://www.congress.gov/member/virgil-goode/G000280,Virginia,5,Republican,House: 1997-2009"Representative Goodlatte, Bob",https://www.congress.gov/member/robert-goodlatte/G000289,Virginia,6,Republican,House: 1993-2019"Representative Gordon, Bart",https://www.congress.gov/member/bart-gordon/G000309,Tennessee,6,Democratic,House: 1985-2011"Representative Granger, Kay",https://www.congress.gov/member/kay-granger/G000377,Texas,12,Republican,House: 1997-Present"Representative Graves, Sam",https://www.congress.gov/member/sam-graves/G000546,Missouri,6,Republican,House: 2001-Present"Representative Green, Al",https://www.congress.gov/member/al-green/G000553,Texas,9,Democratic,House: 2005-Present"Representative Green, Gene",https://www.congress.gov/member/gene-green/G000410,Texas,29,Democratic,House: 1993-2019"Representative Green, Mark",https://www.congress.gov/member/mark-green/G000545,Wisconsin,8,Republican,House: 1999-2007"Representative Grijalva, Raul M.",https://www.congress.gov/member/raul-grijalva/G000551,Arizona,3,Democratic,House: 2003-Present"Representative Gutierrez, Luis V.",https://www.congress.gov/member/luis-gutierrez/G000535,Illinois,4,Democratic,House: 1993-2019"Representative Gutknecht, Gil",https://www.congress.gov/member/gil-gutknecht/G000536,Minnesota,1,Republican,House: 1995-2007"Representative Hall, Ralph M.",https://www.congress.gov/member/ralph-hall/H000067,Texas,4,Republican,House: 1981-2015"Representative Harman, Jane",https://www.congress.gov/member/jane-harman/H000213,California,36,Democratic,"House: 1993-1999, 2001-2011""Representative Harris, Katherine",https://www.congress.gov/member/katherine-harris/H001035,Florida,13,Republican,House: 2003-2007"Representative Hart, Melissa A.",https://www.congress.gov/member/melissa-hart/H001033,Pennsylvania,4,Republican,House: 2001-2007"Representative Hastert, J. Dennis",https://www.congress.gov/member/j-hastert/H000323,Illinois,14,Republican,House: 1987-2007"Representative Hastings, Alcee L.",https://www.congress.gov/member/alcee-hastings/H000324,Florida,20,Democratic,House: 1993-Present"Representative Hastings, Doc",https://www.congress.gov/member/doc-hastings/H000329,Washington,4,Republican,House: 1995-2015"Representative Hayes, Robin",https://www.congress.gov/member/robin-hayes/H001029,North Carolina,8,Republican,House: 1999-2009"Representative Hayworth, J. D.",https://www.congress.gov/member/j-hayworth/H000413,Arizona,5,Republican,House: 1995-2007"Representative Hefley, Joel",https://www.congress.gov/member/joel-hefley/H000444,Colorado,5,Republican,House: 1987-2007"Representative Hensarling, Jeb",https://www.congress.gov/member/jeb-hensarling/H001036,Texas,5,Republican,House: 2003-2019"Representative Herger, Wally",https://www.congress.gov/member/wally-herger/H000528,California,2,Republican,House: 1987-2013"Representative Herseth Sandlin, Stephanie",https://www.congress.gov/member/stephanie-herseth-sandlin/H001037,South Dakota,,Democratic,House: 2004-2011"Representative Higgins, Brian",https://www.congress.gov/member/brian-higgins/H001038,New York,26,Democratic,House: 2005-Present"Representative Hinchey, Maurice D.",https://www.congress.gov/member/maurice-hinchey/H000627,New York,22,Democratic,House: 1993-2013"Representative Hinojosa, Ruben",https://www.congress.gov/member/ruben-hinojosa/H000636,Texas,15,Democratic,House: 1997-2017"Representative Hobson, David L.",https://www.congress.gov/member/david-hobson/H000666,Ohio,7,Republican,House: 1991-2009"Representative Hoekstra, Peter",https://www.congress.gov/member/peter-hoekstra/H000676,Michigan,2,Republican,House: 1993-2011"Representative Holden, Tim",https://www.congress.gov/member/tim-holden/H000712,Pennsylvania,17,Democratic,House: 1993-2013"Representative Holt, Rush",https://www.congress.gov/member/rush-holt/H001032,New Jersey,12,Democratic,House: 1999-2015"Representative Honda, Michael M.",https://www.congress.gov/member/michael-honda/H001034,California,17,Democratic,House: 2001-2017"Representative Hooley, Darlene",https://www.congress.gov/member/darlene-hooley/H000762,Oregon,5,Democratic,House: 1997-2009"Representative Hostettler, John N.",https://www.congress.gov/member/john-hostettler/H000807,Indiana,8,Republican,House: 1995-2007"Representative Hoyer, Steny H.",https://www.congress.gov/member/steny-hoyer/H000874,Maryland,5,Democratic,House: 1981-Present"Representative Hulshof, Kenny C.",https://www.congress.gov/member/kenny-hulshof/H000948,Missouri,9,Republican,House: 1997-2009"Representative Hunter, Duncan",https://www.congress.gov/member/duncan-hunter/H000981,California,52,Republican,House: 1981-2009"Representative Hyde, Henry J.",https://www.congress.gov/member/henry-hyde/H001022,Illinois,6,Republican,House: 1975-2007"Representative Inglis, Bob",https://www.congress.gov/member/bob-inglis/I000023,South Carolina,4,Republican,"House: 1993-1999, 2005-2011""Representative Inslee, Jay",https://www.congress.gov/member/jay-inslee/I000026,Washington,1,Democratic,"House: 1993-1995, 1999-2012""Representative Israel, Steve",https://www.congress.gov/member/steve-israel/I000057,New York,3,Democratic,House: 2001-2017"Representative Issa, Darrell E.",https://www.congress.gov/member/darrell-issa/I000056,California,49,Republican,House: 2001-2019"Representative Istook, Ernest J., Jr.",https://www.congress.gov/member/ernest-istook/I000047,Oklahoma,5,Republican,House: 1993-2007"Representative Jackson Lee, Sheila",https://www.congress.gov/member/sheila-jackson-lee/J000032,Texas,18,Democratic,House: 1995-Present"Representative Jackson, Jesse L., Jr.",https://www.congress.gov/member/jesse-jackson/J000283,Illinois,2,Democratic,House: 1995-2012"Representative Jefferson, William J.",https://www.congress.gov/member/william-jefferson/J000070,Louisiana,2,Democratic,House: 1991-2009"Representative Jenkins, William L.",https://www.congress.gov/member/william-jenkins/J000082,Tennessee,1,Republican,House: 1997-2007"Representative Jindal, Bobby",https://www.congress.gov/member/bobby-jindal/J000287,Louisiana,1,Republican,House: 2005-2008"Representative Johnson, Eddie Bernice",https://www.congress.gov/member/eddie-johnson/J000126,Texas,30,Democratic,House: 1993-Present"Representative Johnson, Nancy L.",https://www.congress.gov/member/nancy-johnson/J000163,Connecticut,5,Republican,House: 1983-2007"Representative Johnson, Sam",https://www.congress.gov/member/sam-johnson/J000174,Texas,3,Republican,House: 1991-2019"Representative Johnson, Timothy V.",https://www.congress.gov/member/timothy-johnson/J000285,Illinois,15,Republican,House: 2001-2013"Representative Jones, Stephanie Tubbs",https://www.congress.gov/member/stephanie-jones/J000284,Ohio,11,Democratic,House: 1999-2008"Representative Jones, Walter B., Jr.",https://www.congress.gov/member/walter-jones/J000255,North Carolina,3,Republican,House: 1995-2019"Representative Kanjorski, Paul E.",https://www.congress.gov/member/paul-kanjorski/K000008,Pennsylvania,11,Democratic,House: 1985-2011"Representative Kaptur, Marcy",https://www.congress.gov/member/marcy-kaptur/K000009,Ohio,9,Democratic,House: 1983-Present"Representative Keller, Ric",https://www.congress.gov/member/ric-keller/K000361,Florida,8,Republican,House: 2001-2009"Representative Kelly, Sue W.",https://www.congress.gov/member/sue-kelly/K000078,New York,19,Republican,House: 1995-2007"Representative Kennedy, Mark R.",https://www.congress.gov/member/mark-kennedy/K000358,Minnesota,6,Republican,House: 2001-2007"Representative Kennedy, Patrick J.",https://www.congress.gov/member/patrick-kennedy/K000113,Rhode Island,1,Democratic,House: 1995-2011"Representative Kildee, Dale E.",https://www.congress.gov/member/dale-kildee/K000172,Michigan,5,Democratic,House: 1977-2013"Representative Kilpatrick, Carolyn C.",https://www.congress.gov/member/carolyn-kilpatrick/K000180,Michigan,13,Democratic,House: 1997-2011"Representative Kind, Ron",https://www.congress.gov/member/ron-kind/K000188,Wisconsin,3,Democratic,House: 1997-Present"Representative King, Peter T.",https://www.congress.gov/member/peter-king/K000210,New York,2,Republican,House: 1993-Present"Representative King, Steve",https://www.congress.gov/member/steve-king/K000362,Iowa,4,Republican,House: 2003-Present"Representative Kingston, Jack",https://www.congress.gov/member/jack-kingston/K000220,Georgia,1,Republican,House: 1993-2015"Senator Kirk, Mark Steven",https://www.congress.gov/member/mark-kirk/K000360,Illinois,,Republican,Senate: 2010-2017 | House: 2001-2010"Representative Kline, John",https://www.congress.gov/member/john-kline/K000363,Minnesota,2,Republican,House: 2003-2017"Representative Knollenberg, Joe",https://www.congress.gov/member/joe-knollenberg/K000288,Michigan,9,Republican,House: 1993-2009"Representative Kolbe, Jim",https://www.congress.gov/member/jim-kolbe/K000306,Arizona,8,Republican,House: 1985-2007"Representative Kucinich, Dennis J.",https://www.congress.gov/member/dennis-kucinich/K000336,Ohio,10,Democratic,House: 1997-2013"Representative Kuhl, John R. ""Randy"", Jr.",https://www.congress.gov/member/john-kuhl/K000364,New York,29,Republican,House: 2005-2009"Representative LaHood, Ray",https://www.congress.gov/member/ray-lahood/L000552,Illinois,18,Republican,House: 1995-2009"Representative Langevin, James R.",https://www.congress.gov/member/james-langevin/L000559,Rhode Island,2,Democratic,House: 2001-Present"Representative Lantos, Tom",https://www.congress.gov/member/tom-lantos/L000090,California,12,Democratic,House: 1981-2008"Representative Larsen, Rick",https://www.congress.gov/member/rick-larsen/L000560,Washington,2,Democratic,House: 2001-Present"Representative Larson, John B.",https://www.congress.gov/member/john-larson/L000557,Connecticut,1,Democratic,House: 1999-Present"Representative Latham, Tom",https://www.congress.gov/member/tom-latham/L000111,Iowa,3,Republican,House: 1995-2015"Representative LaTourette, Steven C.",https://www.congress.gov/member/steven-latourette/L000553,Ohio,14,Republican,House: 1995-2013"Representative Leach, James A.",https://www.congress.gov/member/jim-leach/L000169,Iowa,2,Republican,House: 1977-2007"Representative Lee, Barbara",https://www.congress.gov/member/barbara-lee/L000551,California,13,Democratic,House: 1997-Present"Representative Levin, Sander M.",https://www.congress.gov/member/sander-levin/L000263,Michigan,9,Democratic,House: 1983-2019"Representative Lewis, Jerry",https://www.congress.gov/member/jerry-lewis/L000274,California,41,Republican,House: 1979-2013"Representative Lewis, John",https://www.congress.gov/member/john-lewis/L000287,Georgia,5,Democratic,House: 1987-Present"Representative Lewis, Ron",https://www.congress.gov/member/ron-lewis/L000293,Kentucky,2,Republican,House: 1993-2009"Representative Linder, John",https://www.congress.gov/member/john-linder/L000321,Georgia,7,Republican,House: 1993-2011"Representative Lipinski, Daniel",https://www.congress.gov/member/daniel-lipinski/L000563,Illinois,3,Democratic,House: 2005-Present"Representative LoBiondo, Frank A.",https://www.congress.gov/member/frank-lobiondo/L000554,New Jersey,2,Republican,House: 1995-2019"Representative Lofgren, Zoe",https://www.congress.gov/member/zoe-lofgren/L000397,California,19,Democratic,House: 1995-Present"Representative Lowey, Nita M.",https://www.congress.gov/member/nita-lowey/L000480,New York,17,Democratic,House: 1989-Present"Representative Lucas, Frank D.",https://www.congress.gov/member/frank-lucas/L000491,Oklahoma,3,Republican,House: 1993-Present"Representative Lungren, Daniel E.",https://www.congress.gov/member/daniel-lungren/L000517,California,3,Republican,"House: 1979-1989, 2005-2013""Representative Lynch, Stephen F.",https://www.congress.gov/member/stephen-lynch/L000562,Massachusetts,8,Democratic,House: 2001-Present"Representative Mack, Connie",https://www.congress.gov/member/connie-mack/M001155,Florida,14,Republican,House: 2005-2013"Representative Maloney, Carolyn B.",https://www.congress.gov/member/carolyn-maloney/M000087,New York,12,Democratic,House: 1993-Present"Representative Manzullo, Donald A.",https://www.congress.gov/member/donald-manzullo/M001138,Illinois,16,Republican,House: 1993-2013"Representative Marchant, Kenny",https://www.congress.gov/member/kenny-marchant/M001158,Texas,24,Republican,House: 2005-Present"Senator Markey, Edward J.",https://www.congress.gov/member/edward-markey/M000133,Massachusetts,,Democratic,Senate: 2013-Present | House: 1977-2013"Representative Marshall, Jim",https://www.congress.gov/member/jim-marshall/M001146,Georgia,8,Democratic,House: 2003-2011"Representative Matheson, Jim",https://www.congress.gov/member/jim-matheson/M001142,Utah,4,Democratic,House: 2001-2015"Representative Matsui, Doris O.",https://www.congress.gov/member/doris-matsui/M001163,California,6,Democratic,House: 2005-Present"Representative Matsui, Robert T.",https://www.congress.gov/member/robert-matsui/M000249,California,5,Democratic,House: 1979-2004"Representative McCarthy, Carolyn",https://www.congress.gov/member/carolyn-mccarthy/M000309,New York,4,Democratic,House: 1997-2015"Representative McCaul, Michael T.",https://www.congress.gov/member/michael-mccaul/M001157,Texas,10,Republican,House: 2005-Present"Representative McCollum, Betty",https://www.congress.gov/member/betty-mccollum/M001143,Minnesota,4,Democratic,House: 2001-Present"Representative McCotter, Thaddeus G.",https://www.congress.gov/member/thaddeus-mccotter/M001147,Michigan,11,Republican,House: 2003-2012"Representative McCrery, Jim",https://www.congress.gov/member/jim-mccrery/M000388,Louisiana,4,Republican,House: 1987-2011"Representative McDermott, Jim",https://www.congress.gov/member/jim-mcdermott/M000404,Washington,7,Democratic,House: 1989-2017"Representative McGovern, James P.",https://www.congress.gov/member/james-mcgovern/M000312,Massachusetts,2,Democratic,House: 1997-Present"Representative McHenry, Patrick T.",https://www.congress.gov/member/patrick-mchenry/M001156,North Carolina,10,Republican,House: 2005-Present"Representative McHugh, John M.",https://www.congress.gov/member/john-mchugh/M000472,New York,23,Republican,House: 1993-2009"Representative McIntyre, Mike",https://www.congress.gov/member/mike-mcintyre/M000485,North Carolina,7,Democratic,House: 1997-2015"Representative McKeon, Howard P. ""Buck""",https://www.congress.gov/member/howard-mckeon/M000508,California,25,Republican,House: 1993-2015"Representative McKinney, Cynthia A.",https://www.congress.gov/member/cynthia-mckinney/M000523,Georgia,4,Democratic,"House: 1993-2003, 2005-2007""Representative McMorris Rodgers, Cathy",https://www.congress.gov/member/cathy-rodgers/M001159,Washington,5,Republican,House: 2005-Present"Representative McNulty, Michael R.",https://www.congress.gov/member/michael-mcnulty/M000590,New York,21,Democratic,House: 1989-2009"Representative Meehan, Martin T.",https://www.congress.gov/member/martin-meehan/M000627,Massachusetts,5,Democratic,House: 1993-2007"Representative Meek, Kendrick B.",https://www.congress.gov/member/kendrick-meek/M001148,Florida,17,Democratic,House: 2003-2011"Representative Meeks, Gregory W.",https://www.congress.gov/member/gregory-meeks/M001137,New York,5,Democratic,House: 1997-Present"Representative Melancon, Charlie",https://www.congress.gov/member/charlie-melancon/M001161,Louisiana,3,Democratic,House: 2005-2011"Senator Menendez, Robert",https://www.congress.gov/member/robert-menendez/M000639,New Jersey,,Democratic,Senate: 2006-Present | House: 1993-2006"Representative Mica, John L.",https://www.congress.gov/member/john-mica/M000689,Florida,7,Republican,House: 1993-2017"Representative Michaud, Michael H.",https://www.congress.gov/member/michael-michaud/M001149,Maine,2,Democratic,House: 2003-2015"Representative Millender-McDonald, Juanita",https://www.congress.gov/member/juanita-millender-mcdonald/M000714,California,37,Democratic,House: 1995-2007"Representative Miller, Brad",https://www.congress.gov/member/brad-miller/M001154,North Carolina,13,Democratic,House: 2003-2013"Representative Miller, Candice S.",https://www.congress.gov/member/candice-miller/M001150,Michigan,10,Republican,House: 2003-2017"Representative Miller, Gary G.",https://www.congress.gov/member/gary-miller/M001139,California,31,Republican,House: 1999-2015"Representative Miller, George",https://www.congress.gov/member/george-miller/M000725,California,11,Democratic,House: 1975-2015"Representative Miller, Jeff",https://www.congress.gov/member/jeff-miller/M001144,Florida,1,Republican,House: 2001-2017"Representative Mollohan, Alan B.",https://www.congress.gov/member/alan-mollohan/M000844,West Virginia,1,Democratic,House: 1983-2011"Representative Moore, Dennis",https://www.congress.gov/member/dennis-moore/M001140,Kansas,3,Democratic,House: 1999-2011"Representative Moore, Gwen",https://www.congress.gov/member/gwen-moore/M001160,Wisconsin,4,Democratic,House: 2005-Present"Representative Moran, James P.",https://www.congress.gov/member/james-moran/M000933,Virginia,8,Democratic,House: 1991-2015"Senator Moran, Jerry",https://www.congress.gov/member/jerry-moran/M000934,Kansas,,Republican,Senate: 2011-Present | House: 1997-2011"Representative Murphy, Tim",https://www.congress.gov/member/tim-murphy/M001151,Pennsylvania,18,Republican,House: 2003-2017"Representative Murtha, John P.",https://www.congress.gov/member/john-murtha/M001120,Pennsylvania,12,Democratic,House: 1973-2010"Representative Musgrave, Marilyn N.",https://www.congress.gov/member/marilyn-musgrave/M001152,Colorado,4,Republican,House: 2003-2009"Representative Myrick, Sue Wilkins",https://www.congress.gov/member/sue-myrick/M001134,North Carolina,9,Republican,House: 1995-2013"Representative Nadler, Jerrold",https://www.congress.gov/member/jerrold-nadler/N000002,New York,10,Democratic,House: 1991-Present"Representative Napolitano, Grace F.",https://www.congress.gov/member/grace-napolitano/N000179,California,32,Democratic,House: 1999-Present"Representative Neal, Richard E.",https://www.congress.gov/member/richard-neal/N000015,Massachusetts,1,Democratic,House: 1989-Present"Representative Neugebauer, Randy",https://www.congress.gov/member/randy-neugebauer/N000182,Texas,19,Republican,House: 2003-2017"Representative Ney, Robert W.",https://www.congress.gov/member/bob-ney/N000081,Ohio,18,Republican,House: 1995-2007"Representative Northup, Anne M.",https://www.congress.gov/member/anne-northup/N000143,Kentucky,3,Republican,House: 1997-2007"Representative Norton, Eleanor Holmes",https://www.congress.gov/member/eleanor-norton/N000147,District of Columbia,,Democratic,House: 1991-Present"Representative Norwood, Charles W.",https://www.congress.gov/member/charles-norwood/N000159,Georgia,10,Republican,House: 1995-2007"Representative Nunes, Devin",https://www.congress.gov/member/devin-nunes/N000181,California,22,Republican,House: 2003-Present"Representative Nussle, Jim",https://www.congress.gov/member/jim-nussle/N000172,Iowa,1,Republican,House: 1991-2007"Representative Oberstar, James L.",https://www.congress.gov/member/james-oberstar/O000006,Minnesota,8,Democratic,House: 1975-2011"Representative Obey, David R.",https://www.congress.gov/member/david-obey/O000007,Wisconsin,7,Democratic,House: 1969-2011"Representative Olver, John W.",https://www.congress.gov/member/john-olver/O000085,Massachusetts,1,Democratic,House: 1991-2013"Representative Ortiz, Solomon P.",https://www.congress.gov/member/solomon-ortiz/O000107,Texas,27,Democratic,House: 1983-2011"Representative Osborne, Tom",https://www.congress.gov/member/tom-osborne/O000165,Nebraska,3,Republican,House: 2001-2007"Representative Otter, C. L. (Butch)",https://www.congress.gov/member/c-l-otter/O000166,Idaho,1,Republican,House: 2001-2007"Representative Owens, Major R.",https://www.congress.gov/member/major-owens/O000159,New York,11,Democratic,House: 1983-2007"Representative Oxley, Michael G.",https://www.congress.gov/member/michael-oxley/O000163,Ohio,4,Republican,House: 1981-2007"Representative Pallone, Frank, Jr.",https://www.congress.gov/member/frank-pallone/P000034,New Jersey,6,Democratic,House: 1987-Present"Representative Pascrell, Bill, Jr.",https://www.congress.gov/member/william-pascrell/P000096,New Jersey,9,Democratic,House: 1997-Present"Representative Pastor, Ed",https://www.congress.gov/member/ed-pastor/P000099,Arizona,7,Democratic,House: 1991-2015"Representative Paul, Ron",https://www.congress.gov/member/ron-paul/P000583,Texas,14,Republican,"House: 1975-1977, 1979-1985, 1997-2013""Representative Payne, Donald M.",https://www.congress.gov/member/donald-payne/P000149,New Jersey,10,Democratic,House: 1989-2012"Representative Pearce, Stevan",https://www.congress.gov/member/stevan-pearce/P000588,New Mexico,2,Republican,"House: 2003-2009, 2011-2019""Representative Pelosi, Nancy",https://www.congress.gov/member/nancy-pelosi/P000197,California,12,Democratic,House: 1987-Present"Representative Pence, Mike",https://www.congress.gov/member/mike-pence/P000587,Indiana,6,Republican,House: 2001-2013"Representative Peterson, Collin C.",https://www.congress.gov/member/collin-peterson/P000258,Minnesota,7,Democratic,House: 1991-Present"Representative Peterson, John E.",https://www.congress.gov/member/john-peterson/P000263,Pennsylvania,5,Republican,House: 1997-2009"Representative Petri, Thomas E.",https://www.congress.gov/member/tom-petri/P000265,Wisconsin,6,Republican,House: 1979-2015"Representative Pickering, Charles W. ""Chip""",https://www.congress.gov/member/charles-pickering/P000323,Mississippi,3,Republican,House: 1997-2009"Representative Pitts, Joseph R.",https://www.congress.gov/member/joseph-pitts/P000373,Pennsylvania,16,Republican,House: 1997-2017"Representative Platts, Todd Russell",https://www.congress.gov/member/todd-platts/P000585,Pennsylvania,19,Republican,House: 2001-2013"Representative Poe, Ted",https://www.congress.gov/member/ted-poe/P000592,Texas,2,Republican,House: 2005-2019"Representative Pombo, Richard W.",https://www.congress.gov/member/richard-pombo/P000419,California,11,Republican,House: 1993-2007"Representative Pomeroy, Earl",https://www.congress.gov/member/earl-pomeroy/P000422,North Dakota,,Democratic,House: 1993-2011"Representative Porter, Jon C.",https://www.congress.gov/member/jon-porter/P000589,Nevada,3,Republican,House: 2003-2009"Senator Portman, Rob",https://www.congress.gov/member/rob-portman/P000449,Ohio,,Republican,Senate: 2011-Present | House: 1993-2007"Representative Price, David E.",https://www.congress.gov/member/david-price/P000523,North Carolina,4,Democratic,"House: 1987-1995, 1997-Present""Representative Price, Tom",https://www.congress.gov/member/tom-price/P000591,Georgia,6,Republican,House: 2005-2017"Representative Pryce, Deborah",https://www.congress.gov/member/deborah-pryce/P000555,Ohio,15,Republican,House: 1993-2009"Representative Putnam, Adam H.",https://www.congress.gov/member/adam-putnam/P000586,Florida,12,Republican,House: 2001-2011"Representative Radanovich, George",https://www.congress.gov/member/george-radanovich/R000004,California,19,Republican,House: 1995-2011"Representative Rahall, Nick J., II",https://www.congress.gov/member/nick-rahall/R000011,West Virginia,3,Democratic,House: 1977-2015"Representative Ramstad, Jim",https://www.congress.gov/member/jim-ramstad/R000033,Minnesota,3,Republican,House: 1991-2009"Representative Rangel, Charles B.",https://www.congress.gov/member/charles-rangel/R000053,New York,13,Democratic,House: 1971-2017"Representative Regula, Ralph",https://www.congress.gov/member/ralph-regula/R000141,Ohio,16,Republican,House: 1973-2009"Representative Rehberg, Denny",https://www.congress.gov/member/denny-rehberg/R000571,Montana,,Republican,House: 2001-2013"Representative Reichert, David G.",https://www.congress.gov/member/david-reichert/R000578,Washington,8,Republican,House: 2005-2019"Representative Renzi, Rick",https://www.congress.gov/member/rick-renzi/R000574,Arizona,1,Republican,House: 2003-2009"Representative Reyes, Silvestre",https://www.congress.gov/member/silvestre-reyes/R000170,Texas,16,Democratic,House: 1997-2013"Representative Reynolds, Thomas M.",https://www.congress.gov/member/thomas-reynolds/R000569,New York,26,Republican,House: 1999-2009"Representative Rogers, Harold",https://www.congress.gov/member/harold-rogers/R000395,Kentucky,5,Republican,House: 1981-Present"Representative Rogers, Mike D.",https://www.congress.gov/member/mike-rogers/R000575,Alabama,3,Republican,House: 2003-Present"Representative Rogers, Mike J.",https://www.congress.gov/member/mike-rogers/R000572,Michigan,8,Republican,House: 2001-2015"Representative Rohrabacher, Dana",https://www.congress.gov/member/dana-rohrabacher/R000409,California,48,Republican,House: 1989-2019"Representative Ros-Lehtinen, Ileana",https://www.congress.gov/member/ileana-ros-lehtinen/R000435,Florida,27,Republican,House: 1989-2019"Representative Ross, Mike",https://www.congress.gov/member/mike-ross/R000573,Arkansas,4,Democratic,House: 2001-2013"Representative Rothman, Steven R.",https://www.congress.gov/member/steven-rothman/R000462,New Jersey,9,Democratic,House: 1997-2013"Representative Roybal-Allard, Lucille",https://www.congress.gov/member/lucille-roybal-allard/R000486,California,40,Democratic,House: 1993-Present"Representative Royce, Edward R.",https://www.congress.gov/member/ed-royce/R000487,California,39,Republican,House: 1993-2019"Representative Ruppersberger, C. A. Dutch",https://www.congress.gov/member/c-a-ruppersberger/R000576,Maryland,2,Democratic,House: 2003-Present"Representative Rush, Bobby L.",https://www.congress.gov/member/bobby-rush/R000515,Illinois,1,Democratic,House: 1993-Present"Representative Ryan, Paul D.",https://www.congress.gov/member/paul-ryan/R000570,Wisconsin,1,Republican,House: 1999-2019"Representative Ryan, Tim",https://www.congress.gov/member/tim-ryan/R000577,Ohio,13,Democratic,House: 2003-Present"Representative Ryun, Jim",https://www.congress.gov/member/jim-ryun/R000566,Kansas,2,Republican,House: 1997-2007"Representative Sabo, Martin Olav",https://www.congress.gov/member/martin-sabo/S000005,Minnesota,5,Democratic,House: 1979-2007"Representative Salazar, John T.",https://www.congress.gov/member/john-salazar/S001158,Colorado,3,Democratic,House: 2005-2011"Representative Sanchez, Linda T.",https://www.congress.gov/member/linda-sanchez/S001156,California,38,Democratic,House: 2003-Present"Representative Sanchez, Loretta",https://www.congress.gov/member/loretta-sanchez/S000030,California,46,Democratic,House: 1997-2017"Senator Sanders, Bernard",https://www.congress.gov/member/bernard-sanders/S000033,Vermont,,Independent,Senate: 2007-Present | House: 1991-2007"Representative Saxton, Jim",https://www.congress.gov/member/h-saxton/S000097,New Jersey,3,Republican,House: 1985-2009"Representative Schakowsky, Janice D.",https://www.congress.gov/member/janice-schakowsky/S001145,Illinois,9,Democratic,House: 1999-Present"Representative Schiff, Adam B.",https://www.congress.gov/member/adam-schiff/S001150,California,28,Democratic,House: 2001-Present"Representative Schmidt, Jean",https://www.congress.gov/member/jean-schmidt/S001164,Ohio,2,Republican,House: 2005-2013"Representative Schwartz, Allyson Y.",https://www.congress.gov/member/allyson-schwartz/S001162,Pennsylvania,13,Democratic,House: 2005-2015"Representative Schwarz, John J.H. ""Joe""",https://www.congress.gov/member/john-schwarz/S001161,Michigan,7,Republican,House: 2005-2007"Representative Scott, David",https://www.congress.gov/member/david-scott/S001157,Georgia,13,Democratic,House: 2003-Present"Representative Scott, Robert C. ""Bobby""",https://www.congress.gov/member/robert-scott/S000185,Virginia,3,Democratic,House: 1993-Present"Representative Sekula Gibbs, Shelley",https://www.congress.gov/member/shelley-sekula-gibbs/S001166,Texas,22,Republican,House: 2005-2007"Representative Sensenbrenner, F. James, Jr.",https://www.congress.gov/member/f-sensenbrenner/S000244,Wisconsin,5,Republican,House: 1979-Present"Representative Serrano, Jose E.",https://www.congress.gov/member/jose-serrano/S000248,New York,15,Democratic,House: 1989-Present"Representative Sessions, Pete",https://www.congress.gov/member/pete-sessions/S000250,Texas,32,Republican,House: 1997-2019"Representative Shadegg, John B.",https://www.congress.gov/member/john-shadegg/S000275,Arizona,3,Republican,House: 1995-2011"Representative Shaw, E. Clay, Jr.",https://www.congress.gov/member/e-shaw/S000303,Florida,22,Republican,House: 1981-2007"Representative Shays, Christopher",https://www.congress.gov/member/christopher-shays/S001144,Connecticut,4,Republican,House: 1987-2009"Representative Sherman, Brad",https://www.congress.gov/member/brad-sherman/S000344,California,30,Democratic,House: 1997-Present"Representative Sherwood, Don",https://www.congress.gov/member/don-sherwood/S001146,Pennsylvania,10,Republican,House: 1999-2007"Representative Shimkus, John",https://www.congress.gov/member/john-shimkus/S000364,Illinois,15,Republican,House: 1997-Present"Representative Shuster, Bill",https://www.congress.gov/member/bill-shuster/S001154,Pennsylvania,9,Republican,House: 2001-2019"Representative Simmons, Rob",https://www.congress.gov/member/rob-simmons/S001152,Connecticut,2,Republican,House: 2001-2007"Representative Simpson, Michael K.",https://www.congress.gov/member/michael-simpson/S001148,Idaho,2,Republican,House: 1999-Present"Representative Sires, Albio",https://www.congress.gov/member/albio-sires/S001165,New Jersey,8,Democratic,House: 2005-Present"Representative Skelton, Ike",https://www.congress.gov/member/ike-skelton/S000465,Missouri,4,Democratic,House: 1977-2011"Representative Slaughter, Louise McIntosh",https://www.congress.gov/member/louise-slaughter/S000480,New York,25,Democratic,House: 1987-2018"Representative Smith, Adam",https://www.congress.gov/member/adam-smith/S000510,Washington,9,Democratic,House: 1997-Present"Representative Smith, Christopher H.",https://www.congress.gov/member/christopher-smith/S000522,New Jersey,4,Republican,House: 1981-Present"Representative Smith, Lamar",https://www.congress.gov/member/lamar-smith/S000583,Texas,21,Republican,House: 1987-2019"Representative Snyder, Vic",https://www.congress.gov/member/victor-snyder/S000672,Arkansas,2,Democratic,House: 1997-2011"Representative Sodrel, Michael E.",https://www.congress.gov/member/michael-sodrel/S001160,Indiana,9,Republican,House: 2005-2007"Representative Solis, Hilda L.",https://www.congress.gov/member/hilda-solis/S001153,California,32,Democratic,House: 2001-2009"Representative Souder, Mark E.",https://www.congress.gov/member/mark-souder/S001143,Indiana,3,Republican,House: 1995-2010"Representative Spratt, John M., Jr.",https://www.congress.gov/member/john-spratt/S000749,South Carolina,5,Democratic,House: 1983-2011"Representative Stark, Fortney Pete",https://www.congress.gov/member/pete-stark/S000810,California,13,Democratic,House: 1973-2013"Representative Stearns, Cliff",https://www.congress.gov/member/cliff-stearns/S000822,Florida,6,Republican,House: 1989-2013"Representative Strickland, Ted",https://www.congress.gov/member/ted-strickland/S001004,Ohio,6,Democratic,"House: 1993-1995, 1997-2007""Representative Stupak, Bart",https://www.congress.gov/member/bart-stupak/S001045,Michigan,1,Democratic,House: 1993-2011"Representative Sullivan, John",https://www.congress.gov/member/john-sullivan/S001155,Oklahoma,1,Republican,House: 2002-2013"Representative Sweeney, John E.",https://www.congress.gov/member/john-sweeney/S001149,New York,20,Republican,House: 1999-2007"Representative Tancredo, Thomas G.",https://www.congress.gov/member/thomas-tancredo/T000458,Colorado,6,Republican,House: 1999-2009"Representative Tanner, John S.",https://www.congress.gov/member/john-tanner/T000038,Tennessee,8,Democratic,House: 1989-2011"Representative Tauscher, Ellen O.",https://www.congress.gov/member/ellen-tauscher/T000057,California,10,Democratic,House: 1997-2009"Representative Taylor, Charles H.",https://www.congress.gov/member/charles-taylor/T000067,North Carolina,11,Republican,House: 1991-2007"Representative Taylor, Gene",https://www.congress.gov/member/gene-taylor/T000074,Mississippi,4,Democratic,House: 1989-2011"Representative Terry, Lee",https://www.congress.gov/member/lee-terry/T000459,Nebraska,2,Republican,House: 1999-2015"Representative Thomas, William M.",https://www.congress.gov/member/william-thomas/T000188,California,22,Republican,House: 1979-2007"Representative Thompson, Bennie G.",https://www.congress.gov/member/bennie-thompson/T000193,Mississippi,2,Democratic,House: 1993-Present"Representative Thompson, Mike",https://www.congress.gov/member/mike-thompson/T000460,California,5,Democratic,House: 1999-Present"Representative Thornberry, Mac",https://www.congress.gov/member/william-thornberry/T000238,Texas,13,Republican,House: 1995-Present"Representative Tiahrt, Todd",https://www.congress.gov/member/todd-tiahrt/T000260,Kansas,4,Republican,House: 1995-2011"Representative Tiberi, Patrick J.",https://www.congress.gov/member/patrick-tiberi/T000462,Ohio,12,Republican,House: 2001-2018"Representative Tierney, John F.",https://www.congress.gov/member/john-tierney/T000266,Massachusetts,6,Democratic,House: 1997-2015"Representative Towns, Edolphus",https://www.congress.gov/member/edolphus-towns/T000326,New York,10,Democratic,House: 1983-2013"Representative Turner, Michael R.",https://www.congress.gov/member/michael-turner/T000463,Ohio,10,Republican,House: 2003-Present"Senator Udall, Mark",https://www.congress.gov/member/mark-udall/U000038,Colorado,,Democratic,Senate: 2009-2015 | House: 1999-2009"Senator Udall, Tom",https://www.congress.gov/member/tom-udall/U000039,New Mexico,,Democratic,Senate: 2009-Present | House: 1999-2009"Representative Upton, Fred",https://www.congress.gov/member/fred-upton/U000031,Michigan,6,Republican,House: 1987-Present"Senator Van Hollen, Chris",https://www.congress.gov/member/chris-van-hollen/V000128,Maryland,,Democratic,Senate: 2017-Present | House: 2003-2017"Representative Velazquez, Nydia M.",https://www.congress.gov/member/nydia-velazquez/V000081,New York,7,Democratic,House: 1993-Present"Representative Visclosky, Peter J.",https://www.congress.gov/member/peter-visclosky/V000108,Indiana,1,Democratic,House: 1985-Present"Representative Walden, Greg",https://www.congress.gov/member/greg-walden/W000791,Oregon,2,Republican,House: 1999-Present"Representative Walsh, James T.",https://www.congress.gov/member/james-walsh/W000099,New York,25,Republican,House: 1989-2009"Representative Wamp, Zach",https://www.congress.gov/member/zach-wamp/W000119,Tennessee,3,Republican,House: 1995-2011"Representative Wasserman Schultz, Debbie",https://www.congress.gov/member/debbie-wasserman-schultz/W000797,Florida,23,Democratic,House: 2005-Present"Representative Waters, Maxine",https://www.congress.gov/member/maxine-waters/W000187,California,43,Democratic,House: 1991-Present"Representative Watson, Diane E.",https://www.congress.gov/member/diane-watson/W000794,California,33,Democratic,House: 2001-2011"Representative Watt, Melvin L.",https://www.congress.gov/member/melvin-watt/W000207,North Carolina,12,Democratic,House: 1993-2014"Representative Waxman, Henry A.",https://www.congress.gov/member/henry-waxman/W000215,California,33,Democratic,House: 1975-2015"Representative Weiner, Anthony D.",https://www.congress.gov/member/anthony-weiner/W000792,New York,9,Democratic,House: 1999-2011"Representative Weldon, Curt",https://www.congress.gov/member/curt-weldon/W000268,Pennsylvania,7,Republican,House: 1987-2007"Representative Weldon, Dave",https://www.congress.gov/member/dave-weldon/W000267,Florida,15,Republican,House: 1995-2009"Representative Weller, Jerry",https://www.congress.gov/member/gerald-weller/W000273,Illinois,11,Republican,House: 1995-2009"Representative Westmoreland, Lynn A.",https://www.congress.gov/member/lynn-westmoreland/W000796,Georgia,3,Republican,House: 2005-2017"Representative Wexler, Robert",https://www.congress.gov/member/robert-wexler/W000314,Florida,19,Democratic,House: 1997-2010"Representative Whitfield, Ed",https://www.congress.gov/member/edward-whitfield/W000413,Kentucky,1,Republican,House: 1995-2016"Senator Wicker, Roger F.",https://www.congress.gov/member/roger-wicker/W000437,Mississippi,,Republican,Senate: 2007-Present | House: 1995-2007"Representative Wilson, Heather",https://www.congress.gov/member/heather-wilson/W000789,New Mexico,1,Republican,House: 1997-2009"Representative Wilson, Joe",https://www.congress.gov/member/joe-wilson/W000795,South Carolina,2,Republican,House: 2001-Present"Representative Wolf, Frank R.",https://www.congress.gov/member/frank-wolf/W000672,Virginia,10,Republican,House: 1981-2015"Representative Woolsey, Lynn C.",https://www.congress.gov/member/lynn-woolsey/W000738,California,6,Democratic,House: 1993-2013"Representative Wu, David",https://www.congress.gov/member/david-wu/W000793,Oregon,1,Democratic,House: 1999-2011"Representative Wynn, Albert Russell",https://www.congress.gov/member/albert-wynn/W000784,Maryland,4,Democratic,House: 1993-2008"Representative Young, C. W. Bill",https://www.congress.gov/member/c-w-young/Y000031,Florida,13,Republican,House: 1971-2013"Representative Young, Don",https://www.congress.gov/member/don-young/Y000033,Alaska,,Republican,House: 1973-Present